ID,Metric,Setting,RF,ExtraTrees,XGBoost,LightGBM,CatBoost,EBM,FastAIMLP,TorchMLP,RealMLP,TabM,MNCA,TabPFNv2,TabDPT,TabICL,Linear,KNN,AutoGluon
APSFailure,AUC,Default,0.990±0.002,0.990±0.002,0.992±0.002,0.992±0.002,0.992±0.003,0.991±0.002,0.988±0.003,0.990±0.002,0.991±0.002,0.992±0.002,0.991±0.003,-,0.990±0.003,0.993±0.002,0.988±0.002,0.960±0.005,-
APSFailure,AUC,Tuned,0.990±0.002,0.990±0.003,0.992±0.002,0.992±0.002,0.992±0.002,0.991±0.002,0.989±0.002,0.991±0.002,0.991±0.002,0.992±0.002,0.991±0.002,-,-,-,0.988±0.002,0.985±0.002,-
APSFailure,AUC,Tuned + Ens.,0.990±0.002,0.991±0.002,0.992±0.002,0.992±0.002,0.992±0.003,0.991±0.002,0.991±0.002,0.992±0.001,0.992±0.002,0.993±0.002,0.993±0.002,-,-,-,0.990±0.001,0.990±0.002,0.993±0.002
Amazon_employee_access,AUC,Default,0.839±0.005,0.833±0.006,0.834±0.007,0.843±0.009,0.882±0.008,0.839±0.006,0.854±0.007,0.835±0.007,0.844±0.007,0.833±0.009,0.846±0.008,-,0.841±0.006,0.854±0.006,0.848±0.009,0.750±0.006,-
Amazon_employee_access,AUC,Tuned,0.841±0.005,0.841±0.007,0.859±0.008,0.850±0.007,0.883±0.008,0.841±0.007,0.853±0.008,0.838±0.006,0.846±0.008,0.842±0.009,0.860±0.008,-,-,-,0.850±0.008,0.817±0.006,-
Amazon_employee_access,AUC,Tuned + Ens.,0.849±0.005,0.845±0.006,0.862±0.008,0.858±0.009,0.883±0.007,0.842±0.006,0.866±0.007,0.849±0.007,0.864±0.008,0.849±0.009,0.869±0.007,-,-,-,0.851±0.008,0.852±0.006,0.882±0.005
Another-Dataset-on-used-Fiat-500,rmse,Default,750.8±28.4,744.2±29.5,754.6±23.0,746.0±22.4,738.1±20.8,749.9±22.9,760.5±17.6,775.0±26.3,757.4±23.8,752.1±23.3,753.7±27.0,727.7±23.8,724.0±22.1,-,793.8±25.4,823.7±28.9,-
Another-Dataset-on-used-Fiat-500,rmse,Tuned,736.5±24.8,735.8±26.5,741.4±22.2,740.4±24.6,736.3±21.8,750.0±24.1,761.2±21.6,769.8±25.0,756.0±22.4,755.0±25.0,748.2±27.6,733.2±27.2,-,-,764.2±19.2,801.5±29.5,-
Another-Dataset-on-used-Fiat-500,rmse,Tuned + Ens.,735.4±25.3,735.1±26.7,737.1±22.6,729.4±22.7,732.9±21.9,745.7±23.6,756.3±21.4,765.0±24.7,726.6±24.0,748.0±22.8,731.1±28.2,727.4±26.0,-,-,764.4±19.3,782.2±27.7,729.6±24.6
Bank_Customer_Churn,AUC,Default,0.851±0.008,0.851±0.006,0.864±0.009,0.864±0.009,0.870±0.009,0.862±0.010,0.859±0.009,0.860±0.008,0.866±0.009,0.869±0.010,0.864±0.008,0.872±0.009,0.859±0.008,0.868±0.009,0.772±0.010,0.814±0.010,-
Bank_Customer_Churn,AUC,Tuned,0.857±0.008,0.860±0.007,0.866±0.010,0.866±0.009,0.870±0.009,0.864±0.010,0.863±0.007,0.866±0.008,0.870±0.009,0.871±0.010,0.869±0.008,0.874±0.009,-,-,0.773±0.010,0.827±0.009,-
Bank_Customer_Churn,AUC,Tuned + Ens.,0.858±0.008,0.861±0.007,0.866±0.010,0.867±0.009,0.870±0.009,0.864±0.010,0.864±0.008,0.866±0.008,0.871±0.009,0.871±0.010,0.869±0.008,0.874±0.008,-,-,0.773±0.010,0.839±0.007,0.869±0.009
Bioresponse,AUC,Default,0.873±0.007,0.867±0.008,0.873±0.008,0.872±0.008,0.872±0.009,0.852±0.009,0.850±0.011,0.846±0.008,0.858±0.009,0.863±0.005,0.860±0.010,-,0.862±0.010,-,0.789±0.011,0.818±0.015,-
Bioresponse,AUC,Tuned,0.873±0.007,0.868±0.009,0.875±0.008,0.874±0.007,0.875±0.008,0.863±0.008,0.857±0.010,0.856±0.009,0.864±0.008,0.871±0.007,0.865±0.007,-,-,-,0.810±0.009,0.837±0.011,-
Bioresponse,AUC,Tuned + Ens.,0.876±0.006,0.871±0.008,0.876±0.008,0.875±0.008,0.874±0.008,0.866±0.008,0.860±0.010,0.863±0.008,0.875±0.008,0.873±0.007,0.874±0.008,-,-,-,0.817±0.009,0.846±0.010,0.878±0.007
Diabetes130US,AUC,Default,0.631±0.006,0.623±0.009,0.662±0.008,0.648±0.008,0.671±0.008,0.659±0.008,0.647±0.007,0.655±0.007,0.659±0.005,0.660±0.007,0.658±0.008,-,0.609±0.008,0.647±0.008,0.648±0.008,0.542±0.006,-
Diabetes130US,AUC,Tuned,0.656±0.008,0.651±0.007,0.668±0.008,0.668±0.007,0.671±0.008,0.662±0.007,0.656±0.008,0.663±0.009,0.662±0.008,0.662±0.008,0.662±0.008,-,-,-,0.658±0.008,0.633±0.005,-
Diabetes130US,AUC,Tuned + Ens.,0.657±0.008,0.653±0.008,0.670±0.008,0.672±0.008,0.672±0.008,0.665±0.008,0.662±0.008,0.667±0.009,0.669±0.008,0.663±0.008,0.666±0.008,-,-,-,0.659±0.008,0.651±0.006,0.673±0.008
E-CommereShippingData,AUC,Default,0.739±0.005,0.737±0.006,0.740±0.006,0.739±0.006,0.744±0.006,0.744±0.004,0.737±0.005,0.737±0.008,0.741±0.007,0.744±0.008,0.741±0.010,0.744±0.007,0.735±0.007,0.743±0.006,0.704±0.006,0.703±0.006,-
E-CommereShippingData,AUC,Tuned,0.740±0.006,0.741±0.006,0.742±0.007,0.740±0.005,0.742±0.007,0.743±0.005,0.741±0.007,0.740±0.007,0.742±0.007,0.740±0.005,0.741±0.006,0.744±0.007,-,-,0.722±0.008,0.736±0.008,-
E-CommereShippingData,AUC,Tuned + Ens.,0.741±0.005,0.740±0.005,0.742±0.006,0.741±0.006,0.741±0.007,0.743±0.004,0.741±0.007,0.741±0.007,0.742±0.007,0.743±0.006,0.741±0.004,0.744±0.006,-,-,0.722±0.008,0.733±0.005,0.738±0.005
Fitness_Club,AUC,Default,0.775±0.018,0.769±0.018,0.798±0.015,0.795±0.015,0.814±0.014,0.813±0.015,0.806±0.013,0.813±0.016,0.812±0.015,0.818±0.014,0.817±0.014,0.822±0.012,0.818±0.014,0.819±0.013,0.819±0.014,0.722±0.026,-
Fitness_Club,AUC,Tuned,0.801±0.015,0.816±0.013,0.808±0.015,0.815±0.015,0.812±0.015,0.810±0.015,0.814±0.013,0.813±0.017,0.814±0.015,0.818±0.014,0.814±0.015,0.820±0.013,-,-,0.819±0.015,0.786±0.016,-
Fitness_Club,AUC,Tuned + Ens.,0.800±0.015,0.815±0.014,0.808±0.015,0.814±0.015,0.811±0.015,0.812±0.015,0.814±0.014,0.814±0.016,0.816±0.014,0.818±0.014,0.801±0.017,0.817±0.013,-,-,0.819±0.015,0.798±0.016,0.811±0.012
Food_Delivery_Time,rmse,Default,7.855±0.041,8.179±0.045,7.397±0.055,7.616±0.053,7.379±0.051,7.433±0.040,8.188±0.053,7.735±0.059,7.926±0.053,7.760±0.050,7.486±0.044,-,7.551±0.042,-,8.564±0.047,8.563±0.042,-
Food_Delivery_Time,rmse,Tuned,7.587±0.046,7.753±0.053,7.397±0.055,7.378±0.054,7.367±0.051,7.424±0.051,8.085±0.056,7.579±0.049,7.453±0.051,7.651±0.053,7.421±0.045,-,-,-,8.340±0.063,8.042±0.048,-
Food_Delivery_Time,rmse,Tuned + Ens.,7.588±0.046,7.749±0.053,7.400±0.055,7.374±0.053,7.368±0.051,7.412±0.044,8.060±0.052,7.559±0.052,7.414±0.046,7.651±0.052,7.379±0.047,-,-,-,8.277±0.055,7.909±0.049,7.362±0.051
GiveMeSomeCredit,AUC,Default,0.846±0.003,0.840±0.003,0.865±0.002,0.865±0.002,0.866±0.002,0.864±0.002,0.829±0.004,0.863±0.002,0.865±0.002,0.866±0.002,0.866±0.002,-,0.842±0.003,0.866±0.002,0.841±0.002,0.747±0.004,-
GiveMeSomeCredit,AUC,Tuned,0.862±0.003,0.857±0.002,0.866±0.002,0.866±0.002,0.867±0.002,0.865±0.002,0.843±0.005,0.864±0.002,0.866±0.002,0.867±0.002,0.866±0.002,-,-,-,0.841±0.002,0.858±0.002,-
GiveMeSomeCredit,AUC,Tuned + Ens.,0.863±0.003,0.857±0.003,0.866±0.002,0.867±0.002,0.867±0.002,0.865±0.002,0.847±0.003,0.865±0.002,0.866±0.002,0.867±0.002,0.867±0.002,-,-,-,0.841±0.002,0.859±0.002,0.867±0.002
HR_Analytics_Job_Change,AUC,Default,0.789±0.006,0.784±0.007,0.805±0.006,0.802±0.007,0.804±0.006,0.800±0.006,0.801±0.005,0.801±0.006,0.801±0.007,0.801±0.007,0.801±0.006,-,0.801±0.006,0.805±0.006,0.796±0.006,0.745±0.007,-
HR_Analytics_Job_Change,AUC,Tuned,0.802±0.006,0.800±0.007,0.803±0.005,0.803±0.007,0.804±0.006,0.800±0.006,0.801±0.007,0.801±0.006,0.801±0.006,0.803±0.006,0.802±0.007,-,-,-,0.798±0.005,0.789±0.007,-
HR_Analytics_Job_Change,AUC,Tuned + Ens.,0.802±0.006,0.801±0.007,0.805±0.006,0.804±0.006,0.804±0.006,0.801±0.006,0.803±0.007,0.803±0.006,0.803±0.006,0.803±0.006,0.803±0.007,-,-,-,0.797±0.005,0.798±0.007,0.805±0.007
Is-this-a-good-customer,AUC,Default,0.721±0.020,0.695±0.021,0.723±0.021,0.724±0.020,0.748±0.020,0.751±0.019,0.711±0.018,0.728±0.020,0.732±0.023,0.744±0.022,0.738±0.024,0.746±0.019,0.742±0.016,0.744±0.019,0.738±0.021,0.652±0.037,-
Is-this-a-good-customer,AUC,Tuned,0.727±0.018,0.713±0.022,0.742±0.023,0.741±0.022,0.743±0.019,0.745±0.018,0.742±0.025,0.727±0.023,0.731±0.025,0.743±0.019,0.732±0.020,0.735±0.022,-,-,0.735±0.020,0.741±0.024,-
Is-this-a-good-customer,AUC,Tuned + Ens.,0.729±0.020,0.718±0.024,0.744±0.022,0.746±0.020,0.744±0.019,0.748±0.018,0.745±0.017,0.733±0.018,0.742±0.020,0.744±0.019,0.705±0.024,0.743±0.018,-,-,0.738±0.021,0.730±0.023,0.745±0.019
MIC,logloss,Default,0.513±0.031,0.521±0.030,0.470±0.020,0.503±0.019,0.455±0.020,0.475±0.018,0.506±0.024,0.473±0.019,0.492±0.027,0.432±0.017,0.465±0.019,0.468±0.043,0.481±0.021,0.465±0.022,0.589±0.035,1.477±0.096,-
MIC,logloss,Tuned,0.485±0.023,0.482±0.020,0.440±0.019,0.453±0.020,0.453±0.019,0.446±0.016,0.462±0.023,0.465±0.024,0.439±0.021,0.431±0.017,0.455±0.020,0.440±0.022,-,-,0.469±0.021,0.657±0.025,-
MIC,logloss,Tuned + Ens.,0.474±0.019,0.470±0.018,0.440±0.019,0.453±0.019,0.451±0.018,0.445±0.016,0.450±0.020,0.453±0.017,0.434±0.017,0.430±0.016,0.451±0.018,0.433±0.022,-,-,0.468±0.021,0.583±0.019,0.445±0.018
Marketing_Campaign,AUC,Default,0.883±0.015,0.884±0.015,0.897±0.015,0.901±0.014,0.907±0.015,0.903±0.015,0.890±0.017,0.898±0.015,0.906±0.015,0.901±0.016,0.909±0.016,0.915±0.015,0.896±0.016,0.911±0.013,0.906±0.013,0.834±0.018,-
Marketing_Campaign,AUC,Tuned,0.881±0.016,0.886±0.015,0.903±0.016,0.911±0.015,0.904±0.014,0.905±0.015,0.905±0.015,0.910±0.014,0.907±0.014,0.916±0.013,0.912±0.016,0.915±0.013,-,-,0.905±0.013,0.854±0.018,-
Marketing_Campaign,AUC,Tuned + Ens.,0.882±0.015,0.888±0.015,0.904±0.015,0.911±0.014,0.903±0.015,0.906±0.016,0.909±0.014,0.915±0.013,0.911±0.014,0.916±0.014,0.909±0.015,0.919±0.013,-,-,0.905±0.013,0.875±0.014,0.915±0.013
NATICUSdroid,AUC,Default,0.977±0.002,0.977±0.002,0.985±0.002,0.985±0.002,0.986±0.002,0.984±0.002,0.985±0.002,0.985±0.002,0.985±0.002,0.986±0.001,0.983±0.002,0.983±0.002,0.985±0.002,0.987±0.001,0.981±0.002,0.948±0.004,-
NATICUSdroid,AUC,Tuned,0.981±0.003,0.982±0.002,0.985±0.002,0.986±0.002,0.986±0.002,0.985±0.001,0.985±0.001,0.985±0.001,0.986±0.001,0.986±0.001,0.984±0.002,0.984±0.003,-,-,0.981±0.002,0.978±0.003,-
NATICUSdroid,AUC,Tuned + Ens.,0.981±0.003,0.982±0.002,0.985±0.002,0.986±0.002,0.986±0.002,0.985±0.001,0.986±0.001,0.986±0.002,0.986±0.001,0.986±0.001,0.985±0.002,0.985±0.002,-,-,0.981±0.002,0.980±0.003,0.987±0.002
QSAR-TID-11,rmse,Default,0.806±0.047,0.806±0.046,0.786±0.049,0.772±0.050,0.774±0.049,0.872±0.039,0.776±0.045,0.774±0.052,0.763±0.047,0.761±0.050,0.771±0.045,-,0.773±0.046,-,1.020±0.032,1.003±0.043,-
QSAR-TID-11,rmse,Tuned,0.805±0.048,0.802±0.046,0.761±0.047,0.758±0.049,0.773±0.048,0.859±0.042,0.766±0.049,0.762±0.049,0.764±0.049,0.758±0.050,0.744±0.044,-,-,-,0.940±0.040,0.888±0.046,-
QSAR-TID-11,rmse,Tuned + Ens.,0.796±0.046,0.791±0.046,0.760±0.048,0.756±0.048,0.771±0.049,0.853±0.042,0.761±0.050,0.748±0.054,0.754±0.050,0.755±0.049,0.734±0.043,-,-,-,0.938±0.039,0.859±0.047,0.747±0.049
QSAR_fish_toxicity,rmse,Default,0.907±0.047,0.880±0.052,0.905±0.050,0.894±0.043,0.877±0.049,0.905±0.050,0.908±0.048,0.906±0.055,0.878±0.054,0.910±0.047,0.882±0.053,0.868±0.047,0.859±0.049,-,0.950±0.056,0.896±0.057,-
QSAR_fish_toxicity,rmse,Tuned,0.885±0.050,0.873±0.055,0.881±0.043,0.889±0.045,0.875±0.045,0.904±0.048,0.909±0.046,0.897±0.055,0.884±0.058,0.898±0.051,0.882±0.053,0.873±0.051,-,-,0.949±0.056,0.890±0.052,-
QSAR_fish_toxicity,rmse,Tuned + Ens.,0.884±0.049,0.870±0.052,0.879±0.042,0.883±0.044,0.874±0.047,0.898±0.047,0.897±0.048,0.890±0.055,0.865±0.052,0.887±0.048,0.873±0.053,0.860±0.049,-,-,0.950±0.056,0.880±0.054,0.880±0.054
SDSS17,logloss,Default,0.085±0.002,0.131±0.002,0.074±0.002,0.087±0.002,0.075±0.002,0.087±0.002,0.134±0.004,0.094±0.003,0.103±0.002,0.097±0.002,0.082±0.002,-,0.088±0.001,0.076±0.002,0.146±0.003,0.380±0.030,-
SDSS17,logloss,Tuned,0.073±0.002,0.080±0.002,0.074±0.002,0.073±0.003,0.074±0.003,0.081±0.002,0.111±0.004,0.081±0.002,0.089±0.002,0.083±0.002,0.076±0.002,-,-,-,0.145±0.002,0.224±0.003,-
SDSS17,logloss,Tuned + Ens.,0.072±0.002,0.078±0.002,0.074±0.002,0.073±0.002,0.074±0.003,0.081±0.002,0.112±0.003,0.080±0.002,0.087±0.002,0.083±0.002,0.075±0.002,-,-,-,0.135±0.002,0.153±0.003,0.067±0.002
airfoil_self_noise,rmse,Default,1.898±0.095,1.822±0.094,1.549±0.104,1.554±0.093,1.583±0.096,2.010±0.117,2.327±0.141,1.493±0.113,1.179±0.085,1.249±0.099,1.539±0.095,1.119±0.088,1.203±0.084,-,5.344±0.199,3.369±0.113,-
airfoil_self_noise,rmse,Tuned,1.891±0.101,1.676±0.106,1.439±0.104,1.480±0.108,1.327±0.101,1.955±0.104,1.624±0.100,1.372±0.105,1.146±0.078,1.149±0.092,1.523±0.137,1.112±0.102,-,-,4.752±0.141,2.599±0.154,-
airfoil_self_noise,rmse,Tuned + Ens.,1.851±0.096,1.683±0.105,1.443±0.104,1.451±0.108,1.330±0.105,1.935±0.113,1.646±0.105,1.374±0.098,1.109±0.081,1.140±0.088,1.452±0.099,1.074±0.094,-,-,4.732±0.144,2.221±0.122,1.269±0.090
anneal,logloss,Default,0.046±0.010,0.064±0.012,0.039±0.025,0.055±0.026,0.040±0.022,0.043±0.025,0.085±0.029,0.040±0.034,0.039±0.031,0.036±0.026,0.043±0.031,0.016±0.014,0.058±0.022,0.028±0.014,0.090±0.028,0.151±0.043,-
anneal,logloss,Tuned,0.028±0.025,0.028±0.022,0.031±0.025,0.033±0.019,0.022±0.021,0.036±0.033,0.056±0.022,0.052±0.044,0.029±0.032,0.029±0.027,0.032±0.038,0.023±0.019,-,-,0.046±0.032,0.080±0.046,-
anneal,logloss,Tuned + Ens.,0.023±0.013,0.026±0.022,0.031±0.025,0.034±0.019,0.021±0.021,0.034±0.032,0.054±0.021,0.040±0.038,0.024±0.026,0.028±0.025,0.033±0.039,0.019±0.014,-,-,0.037±0.024,0.062±0.040,0.037±0.059
bank-marketing,AUC,Default,0.726±0.006,0.721±0.004,0.763±0.005,0.763±0.005,0.766±0.005,0.762±0.005,0.759±0.005,0.757±0.006,0.761±0.005,0.764±0.006,0.762±0.005,-,0.761±0.005,0.764±0.005,0.748±0.004,0.712±0.005,-
bank-marketing,AUC,Tuned,0.761±0.005,0.758±0.005,0.765±0.006,0.765±0.005,0.766±0.005,0.763±0.005,0.760±0.006,0.758±0.006,0.763±0.005,0.764±0.005,0.764±0.006,-,-,-,0.748±0.004,0.749±0.006,-
bank-marketing,AUC,Tuned + Ens.,0.761±0.005,0.758±0.005,0.765±0.005,0.766±0.005,0.765±0.005,0.763±0.005,0.761±0.005,0.759±0.006,0.765±0.005,0.765±0.005,0.764±0.005,-,-,-,0.748±0.004,0.756±0.005,0.765±0.006
blood-transfusion-service-center,AUC,Default,0.682±0.026,0.689±0.025,0.708±0.030,0.726±0.033,0.738±0.029,0.742±0.032,0.743±0.030,0.749±0.032,0.750±0.030,0.741±0.029,0.756±0.030,0.755±0.029,0.751±0.030,0.737±0.031,0.731±0.032,0.688±0.023,-
blood-transfusion-service-center,AUC,Tuned,0.714±0.029,0.728±0.033,0.733±0.031,0.743±0.033,0.737±0.031,0.743±0.033,0.754±0.030,0.747±0.030,0.737±0.029,0.737±0.031,0.737±0.032,0.748±0.034,-,-,0.749±0.029,0.727±0.033,-
blood-transfusion-service-center,AUC,Tuned + Ens.,0.713±0.029,0.727±0.031,0.731±0.031,0.743±0.031,0.736±0.031,0.743±0.033,0.756±0.030,0.748±0.030,0.742±0.027,0.741±0.029,0.715±0.030,0.746±0.030,-,-,0.754±0.026,0.736±0.034,0.748±0.032
churn,AUC,Default,0.915±0.009,0.917±0.011,0.923±0.009,0.916±0.011,0.924±0.011,0.922±0.014,0.918±0.011,0.888±0.009,0.920±0.010,0.925±0.011,0.903±0.013,0.928±0.011,0.923±0.009,0.924±0.011,0.777±0.018,0.866±0.004,-
churn,AUC,Tuned,0.913±0.012,0.919±0.011,0.921±0.011,0.920±0.011,0.920±0.012,0.924±0.011,0.921±0.009,0.918±0.010,0.924±0.012,0.923±0.010,0.932±0.013,0.925±0.008,-,-,0.825±0.008,0.892±0.010,-
churn,AUC,Tuned + Ens.,0.913±0.011,0.921±0.011,0.920±0.011,0.920±0.011,0.922±0.011,0.924±0.011,0.921±0.010,0.918±0.011,0.927±0.011,0.923±0.010,0.931±0.013,0.924±0.010,-,-,0.825±0.008,0.899±0.010,0.922±0.011
coil2000_insurance_policies,AUC,Default,0.697±0.014,0.696±0.016,0.757±0.015,0.752±0.014,0.757±0.014,0.754±0.014,0.719±0.010,0.740±0.011,0.742±0.012,0.761±0.012,0.753±0.013,0.753±0.015,0.725±0.010,0.756±0.012,0.737±0.012,0.657±0.020,-
coil2000_insurance_policies,AUC,Tuned,0.741±0.017,0.744±0.016,0.757±0.016,0.759±0.015,0.758±0.013,0.757±0.013,0.749±0.013,0.747±0.015,0.755±0.011,0.763±0.012,0.757±0.015,0.773±0.015,-,-,0.739±0.011,0.718±0.015,-
coil2000_insurance_policies,AUC,Tuned + Ens.,0.742±0.016,0.748±0.017,0.758±0.014,0.761±0.015,0.759±0.012,0.761±0.013,0.747±0.013,0.752±0.014,0.763±0.013,0.766±0.012,0.767±0.012,0.773±0.014,-,-,0.740±0.012,0.732±0.014,0.759±0.016
concrete_compressive_strength,rmse,Default,5.261±0.336,5.139±0.341,4.755±0.387,4.484±0.388,4.214±0.413,4.442±0.295,6.369±0.379,4.817±0.354,4.688±0.364,4.271±0.385,4.940±0.309,4.259±0.379,4.267±0.422,-,8.228±0.359,8.972±0.464,-
concrete_compressive_strength,rmse,Tuned,5.189±0.366,5.073±0.333,4.236±0.373,4.235±0.395,4.231±0.415,4.429±0.331,5.187±0.355,4.715±0.350,4.344±0.289,4.269±0.496,4.749±0.424,4.171±0.439,-,-,8.160±0.362,6.762±0.565,-
concrete_compressive_strength,rmse,Tuned + Ens.,5.106±0.352,5.048±0.348,4.222±0.384,4.212±0.396,4.209±0.411,4.371±0.308,5.272±0.360,4.654±0.334,4.133±0.329,4.146±0.409,4.487±0.388,4.118±0.409,-,-,8.153±0.354,6.548±0.555,4.165±0.389
credit-g,AUC,Default,0.783±0.017,0.779±0.019,0.783±0.021,0.771±0.019,0.789±0.017,0.790±0.021,0.783±0.029,0.772±0.017,0.785±0.022,0.793±0.022,0.783±0.020,0.776±0.019,0.780±0.019,0.790±0.017,0.781±0.021,0.756±0.031,-
credit-g,AUC,Tuned,0.781±0.019,0.781±0.018,0.792±0.021,0.792±0.020,0.795±0.020,0.782±0.025,0.784±0.025,0.782±0.020,0.784±0.023,0.790±0.020,0.783±0.020,0.773±0.020,-,-,0.787±0.021,0.778±0.022,-
credit-g,AUC,Tuned + Ens.,0.782±0.019,0.782±0.018,0.793±0.021,0.796±0.020,0.795±0.017,0.787±0.023,0.793±0.023,0.788±0.020,0.791±0.020,0.795±0.020,0.775±0.021,0.792±0.020,-,-,0.787±0.021,0.784±0.022,0.794±0.020
credit_card_clients_default,AUC,Default,0.765±0.005,0.766±0.004,0.783±0.004,0.784±0.004,0.784±0.004,0.783±0.004,0.781±0.005,0.779±0.003,0.785±0.004,0.784±0.004,0.781±0.004,-,0.780±0.004,0.788±0.004,0.745±0.004,0.736±0.004,-
credit_card_clients_default,AUC,Tuned,0.780±0.004,0.781±0.004,0.785±0.004,0.785±0.004,0.785±0.004,0.783±0.004,0.783±0.005,0.783±0.003,0.785±0.005,0.788±0.004,0.787±0.003,-,-,-,0.745±0.004,0.758±0.004,-
credit_card_clients_default,AUC,Tuned + Ens.,0.780±0.004,0.782±0.004,0.785±0.004,0.785±0.004,0.785±0.004,0.784±0.004,0.783±0.005,0.785±0.003,0.786±0.004,0.788±0.004,0.787±0.004,-,-,-,0.745±0.004,0.769±0.004,0.787±0.004
customer_satisfaction_in_airline,AUC,Default,0.993±0.000,0.992±0.000,0.994±0.000,0.994±0.000,0.995±0.000,0.985±0.000,0.995±0.000,0.993±0.000,0.995±0.000,0.995±0.000,0.993±0.000,-,0.994±0.000,0.995±0.000,0.964±0.001,0.985±0.000,-
customer_satisfaction_in_airline,AUC,Tuned,0.993±0.000,0.994±0.000,0.994±0.000,0.995±0.000,0.995±0.000,0.986±0.001,0.995±0.000,0.995±0.000,0.995±0.000,0.995±0.000,0.995±0.000,-,-,-,0.964±0.001,0.985±0.000,-
customer_satisfaction_in_airline,AUC,Tuned + Ens.,0.993±0.000,0.994±0.000,0.994±0.000,0.995±0.000,0.995±0.000,0.986±0.001,0.995±0.000,0.995±0.000,0.995±0.000,0.995±0.000,0.995±0.000,-,-,-,0.965±0.001,0.988±0.000,0.996±0.000
diabetes,AUC,Default,0.825±0.023,0.826±0.022,0.824±0.024,0.829±0.025,0.833±0.025,0.840±0.025,0.826±0.024,0.821±0.024,0.833±0.023,0.832±0.024,0.839±0.024,0.844±0.023,0.840±0.023,0.837±0.023,0.832±0.024,0.811±0.023,-
diabetes,AUC,Tuned,0.830±0.025,0.837±0.021,0.830±0.024,0.838±0.026,0.834±0.025,0.839±0.023,0.832±0.023,0.825±0.026,0.832±0.022,0.830±0.024,0.834±0.024,0.842±0.024,-,-,0.830±0.023,0.823±0.025,-
diabetes,AUC,Tuned + Ens.,0.830±0.024,0.837±0.021,0.832±0.024,0.837±0.025,0.835±0.024,0.840±0.023,0.835±0.023,0.827±0.025,0.836±0.024,0.834±0.024,0.813±0.022,0.839±0.024,-,-,0.831±0.023,0.823±0.025,0.835±0.023
diamonds,rmse,Default,549.9±8.3,536.6±8.7,539.0±10.0,532.1±9.1,520.7±12.0,618.2±14.5,563.1±15.0,627.3±25.8,529.6±8.1,522.5±8.9,524.7±8.7,-,535.4±13.1,-,1652.8±179.7,957.3±22.1,-
diamonds,rmse,Tuned,549.9±8.3,536.3±9.1,530.1±10.0,524.9±9.7,520.7±12.0,613.7±11.9,559.4±9.4,550.5±16.6,521.5±7.6,521.5±8.1,521.1±7.5,-,-,-,1139.6±27.1,706.9±15.5,-
diamonds,rmse,Tuned + Ens.,547.2±9.3,534.6±8.9,528.2±10.9,519.0±9.4,520.8±11.8,612.4±13.9,550.0±8.9,542.6±15.2,513.7±7.3,518.9±8.8,510.3±8.1,-,-,-,1140.3±28.0,668.3±14.2,510.5±9.5
hazelnut-spread-contaminant-detection,AUC,Default,0.958±0.006,0.955±0.006,0.973±0.005,0.973±0.005,0.974±0.004,0.971±0.005,0.983±0.003,0.983±0.003,0.984±0.003,0.967±0.005,0.986±0.003,0.988±0.003,0.992±0.002,0.992±0.002,0.948±0.006,0.914±0.009,-
hazelnut-spread-contaminant-detection,AUC,Tuned,0.959±0.006,0.964±0.005,0.975±0.004,0.978±0.004,0.975±0.004,0.975±0.004,0.986±0.003,0.987±0.003,0.986±0.003,0.984±0.003,0.988±0.003,0.989±0.003,-,-,0.952±0.006,0.934±0.009,-
hazelnut-spread-contaminant-detection,AUC,Tuned + Ens.,0.960±0.006,0.964±0.005,0.975±0.004,0.978±0.004,0.974±0.004,0.976±0.004,0.986±0.003,0.987±0.003,0.986±0.003,0.985±0.003,0.988±0.003,0.989±0.003,-,-,0.953±0.006,0.943±0.008,0.987±0.003
healthcare_insurance_expenses,rmse,Default,4888.5±289.2,4844.9±274.8,4672.0±306.3,4610.4±313.8,4535.4±328.8,4549.2±318.8,4720.2±313.1,4661.1±342.8,4579.2±313.2,4513.7±323.4,4605.4±332.0,4694.7±302.6,4508.4±295.4,-,6083.4±275.9,5797.5±392.9,-
healthcare_insurance_expenses,rmse,Tuned,4641.1±303.6,4607.0±324.0,4523.3±319.7,4525.1±329.2,4518.2±321.8,4499.7±333.4,4633.9±317.7,4526.1±328.6,4570.6±323.5,4530.0±323.1,4614.4±330.3,4650.3±336.9,-,-,6085.5±275.8,5058.7±315.5,-
healthcare_insurance_expenses,rmse,Tuned + Ens.,4629.6±302.9,4609.9±323.0,4519.6±320.2,4511.9±325.5,4519.2±321.1,4499.3±325.7,4624.2±311.0,4534.0±333.3,4534.8±323.1,4510.9±325.7,4589.2±331.3,4567.7±318.7,-,-,6084.5±276.6,5024.4±319.8,4490.4±331.9
heloc,AUC,Default,0.791±0.005,0.790±0.005,0.794±0.005,0.794±0.005,0.798±0.004,0.799±0.005,0.791±0.004,0.791±0.004,0.798±0.004,0.797±0.004,0.799±0.004,0.801±0.003,0.794±0.004,0.800±0.004,0.786±0.005,0.743±0.004,-
heloc,AUC,Tuned,0.792±0.006,0.793±0.005,0.797±0.005,0.799±0.005,0.798±0.005,0.799±0.005,0.794±0.005,0.795±0.004,0.798±0.004,0.799±0.004,0.801±0.005,0.801±0.004,-,-,0.786±0.005,0.788±0.005,-
heloc,AUC,Tuned + Ens.,0.793±0.005,0.793±0.005,0.797±0.005,0.799±0.005,0.798±0.004,0.799±0.005,0.795±0.005,0.796±0.004,0.800±0.004,0.799±0.004,0.799±0.005,0.801±0.003,-,-,0.786±0.005,0.788±0.004,0.798±0.005
hiva_agnostic,logloss,Default,0.263±0.025,0.268±0.027,0.182±0.002,0.175±0.001,0.176±0.001,0.174±0.001,0.213±0.010,0.183±0.005,0.196±0.007,0.177±0.001,0.224±0.012,-,0.181±0.004,-,0.448±0.024,0.468±0.017,-
hiva_agnostic,logloss,Tuned,0.174±0.001,0.174±0.000,0.179±0.002,0.175±0.001,0.177±0.002,0.176±0.001,0.183±0.008,0.176±0.001,0.176±0.002,0.175±0.001,0.176±0.002,-,-,-,0.335±0.019,0.176±0.003,-
hiva_agnostic,logloss,Tuned + Ens.,0.174±0.001,0.174±0.000,0.179±0.002,0.175±0.001,0.177±0.002,0.175±0.001,0.183±0.004,0.178±0.003,0.179±0.002,0.175±0.001,0.179±0.002,-,-,-,0.335±0.019,0.176±0.003,0.193±0.027
houses,rmse,Default,0.231±0.002,0.243±0.002,0.215±0.003,0.217±0.002,0.211±0.002,0.231±0.003,0.244±0.001,0.233±0.003,0.223±0.002,0.212±0.002,0.204±0.003,-,0.209±0.003,-,0.325±0.003,0.290±0.002,-
houses,rmse,Tuned,0.231±0.002,0.238±0.002,0.215±0.002,0.212±0.002,0.211±0.002,0.229±0.003,0.236±0.002,0.228±0.003,0.211±0.003,0.208±0.002,0.203±0.003,-,-,-,0.325±0.003,0.282±0.002,-
houses,rmse,Tuned + Ens.,0.230±0.002,0.238±0.002,0.215±0.002,0.211±0.002,0.211±0.002,0.228±0.003,0.235±0.001,0.226±0.002,0.203±0.003,0.205±0.002,0.199±0.002,-,-,-,0.323±0.003,0.273±0.002,0.204±0.002
in_vehicle_coupon_recommendation,AUC,Default,0.812±0.007,0.798±0.007,0.832±0.004,0.836±0.005,0.840±0.006,0.802±0.006,0.810±0.007,0.825±0.004,0.837±0.006,0.848±0.005,0.812±0.006,0.789±0.008,0.798±0.005,0.846±0.006,0.735±0.007,0.728±0.009,-
in_vehicle_coupon_recommendation,AUC,Tuned,0.817±0.008,0.804±0.008,0.842±0.005,0.844±0.005,0.843±0.005,0.807±0.006,0.823±0.007,0.833±0.008,0.839±0.006,0.851±0.006,0.842±0.006,0.806±0.008,-,-,0.735±0.007,0.778±0.007,-
in_vehicle_coupon_recommendation,AUC,Tuned + Ens.,0.822±0.008,0.811±0.008,0.843±0.005,0.845±0.005,0.844±0.006,0.807±0.006,0.826±0.006,0.841±0.006,0.849±0.006,0.852±0.006,0.849±0.006,0.837±0.007,-,-,0.735±0.007,0.807±0.006,0.847±0.006
jm1,AUC,Default,0.752±0.008,0.756±0.007,0.748±0.007,0.748±0.006,0.744±0.005,0.735±0.006,0.728±0.007,0.728±0.005,0.731±0.007,0.733±0.007,0.762±0.003,0.732±0.008,0.771±0.005,0.776±0.005,0.724±0.006,0.740±0.007,-
jm1,AUC,Tuned,0.752±0.008,0.758±0.008,0.749±0.007,0.751±0.006,0.751±0.005,0.734±0.007,0.728±0.007,0.734±0.005,0.735±0.007,0.738±0.004,0.761±0.006,0.755±0.007,-,-,0.723±0.006,0.750±0.007,-
jm1,AUC,Tuned + Ens.,0.761±0.007,0.765±0.006,0.752±0.006,0.753±0.006,0.749±0.005,0.736±0.007,0.733±0.006,0.736±0.005,0.749±0.007,0.746±0.006,0.769±0.006,0.773±0.006,-,-,0.724±0.006,0.761±0.007,0.760±0.007
kddcup09_appetency,AUC,Default,0.772±0.016,0.771±0.012,0.830±0.012,0.798±0.009,0.846±0.008,0.826±0.009,0.749±0.023,0.819±0.012,0.820±0.011,0.806±0.011,0.797±0.010,-,0.742±0.009,0.811±0.014,0.797±0.013,0.605±0.010,-
kddcup09_appetency,AUC,Tuned,0.822±0.011,0.819±0.012,0.833±0.009,0.821±0.009,0.845±0.008,0.831±0.010,0.795±0.013,0.826±0.012,0.822±0.011,0.821±0.010,0.814±0.012,-,-,-,0.820±0.014,0.760±0.012,-
kddcup09_appetency,AUC,Tuned + Ens.,0.821±0.010,0.821±0.009,0.837±0.010,0.829±0.010,0.845±0.008,0.833±0.010,0.804±0.014,0.831±0.013,0.832±0.011,0.821±0.010,0.803±0.015,-,-,-,0.821±0.014,0.776±0.013,0.846±0.009
maternal_health_risk,logloss,Default,0.479±0.071,0.478±0.069,0.470±0.051,0.488±0.052,0.478±0.055,0.569±0.038,0.650±0.044,0.606±0.054,0.558±0.056,0.513±0.045,0.453±0.042,0.451±0.047,0.405±0.062,0.410±0.058,0.796±0.037,0.938±0.236,-
maternal_health_risk,logloss,Tuned,0.470±0.053,0.453±0.055,0.459±0.051,0.462±0.049,0.463±0.053,0.562±0.042,0.617±0.040,0.566±0.053,0.463±0.058,0.484±0.057,0.442±0.047,0.439±0.057,-,-,0.793±0.038,0.810±0.126,-
maternal_health_risk,logloss,Tuned + Ens.,0.448±0.054,0.443±0.055,0.462±0.050,0.461±0.045,0.459±0.049,0.557±0.040,0.611±0.039,0.554±0.046,0.436±0.049,0.469±0.051,0.428±0.050,0.437±0.057,-,-,0.784±0.037,0.464±0.062,0.462±0.061
miami_housing,rmse,Default,9676±592,9482±400,8650±447,8563±463,7985±315,10420±365,9034±512,9265±455,8605±402,8307±486,8813±434,8579±447,8213±497,-,19126±458,11957±565,-
miami_housing,rmse,Tuned,9332±503,9195±395,8062±361,8124±410,7836±342,9882±466,8855±535,8631±511,8337±457,8115±449,8307±380,7829±457,-,-,17557±366,10441±503,-
miami_housing,rmse,Tuned + Ens.,9302±500,9166±409,8042±357,7961±354,7847±329,9823±438,8664±483,8528±466,8018±399,8023±428,8015±409,7711±442,-,-,17556±367,10134±548,7873±429
online_shoppers_intention,AUC,Default,0.926±0.004,0.918±0.005,0.935±0.004,0.934±0.003,0.934±0.003,0.931±0.003,0.926±0.004,0.930±0.004,0.929±0.004,0.935±0.003,0.934±0.003,0.934±0.004,0.926±0.005,0.937±0.003,0.913±0.007,0.795±0.005,-
online_shoppers_intention,AUC,Tuned,0.931±0.004,0.931±0.004,0.934±0.003,0.935±0.004,0.933±0.004,0.931±0.003,0.931±0.005,0.935±0.004,0.933±0.003,0.936±0.003,0.935±0.003,0.937±0.003,-,-,0.913±0.007,0.897±0.007,-
online_shoppers_intention,AUC,Tuned + Ens.,0.932±0.003,0.931±0.004,0.936±0.003,0.935±0.003,0.934±0.004,0.931±0.003,0.932±0.004,0.936±0.003,0.934±0.004,0.936±0.004,0.936±0.003,0.937±0.003,-,-,0.918±0.006,0.922±0.004,0.936±0.003
physiochemical_protein,rmse,Default,3.565±0.021,3.548±0.022,3.513±0.024,3.477±0.026,3.522±0.026,4.241±0.020,4.014±0.027,3.388±0.021,3.466±0.042,3.426±0.027,3.170±0.040,-,2.912±0.033,-,5.194±0.024,3.909±0.032,-
physiochemical_protein,rmse,Tuned,3.463±0.021,3.466±0.022,3.390±0.024,3.381±0.027,3.395±0.029,4.234±0.019,3.675±0.031,3.289±0.028,3.284±0.029,3.273±0.031,3.056±0.034,-,-,-,5.188±0.022,3.688±0.042,-
physiochemical_protein,rmse,Tuned + Ens.,3.471±0.021,3.474±0.021,3.390±0.024,3.384±0.027,3.383±0.027,4.226±0.020,3.683±0.034,3.228±0.018,3.125±0.028,3.212±0.032,2.985±0.038,-,-,-,5.142±0.023,3.586±0.041,3.107±0.026
polish_companies_bankruptcy,AUC,Default,0.927±0.007,0.874±0.013,0.958±0.007,0.954±0.007,0.961±0.008,0.962±0.009,0.841±0.026,0.903±0.006,0.962±0.004,0.951±0.009,0.962±0.008,0.959±0.006,0.958±0.009,0.974±0.002,0.867±0.016,0.775±0.029,-
polish_companies_bankruptcy,AUC,Tuned,0.935±0.008,0.891±0.013,0.957±0.007,0.955±0.008,0.961±0.008,0.962±0.010,0.852±0.034,0.955±0.006,0.957±0.006,0.969±0.005,0.965±0.009,0.979±0.003,-,-,0.887±0.011,0.840±0.008,-
polish_companies_bankruptcy,AUC,Tuned + Ens.,0.938±0.007,0.893±0.011,0.957±0.008,0.957±0.007,0.960±0.008,0.964±0.009,0.862±0.022,0.957±0.005,0.963±0.006,0.970±0.004,0.968±0.006,0.981±0.002,-,-,0.896±0.010,0.852±0.011,0.969±0.005
qsar-biodeg,AUC,Default,0.930±0.013,0.932±0.013,0.926±0.013,0.927±0.012,0.930±0.012,0.931±0.011,0.932±0.013,0.924±0.014,0.927±0.013,0.931±0.011,0.928±0.012,0.936±0.011,0.934±0.012,0.938±0.012,0.910±0.016,0.907±0.017,-
qsar-biodeg,AUC,Tuned,0.929±0.013,0.932±0.013,0.931±0.012,0.933±0.012,0.931±0.012,0.931±0.011,0.932±0.014,0.923±0.014,0.926±0.015,0.934±0.013,0.928±0.012,0.932±0.013,-,-,0.923±0.014,0.914±0.015,-
qsar-biodeg,AUC,Tuned + Ens.,0.929±0.013,0.934±0.013,0.931±0.012,0.933±0.012,0.932±0.011,0.933±0.011,0.934±0.013,0.927±0.014,0.934±0.012,0.936±0.012,0.931±0.012,0.936±0.012,-,-,0.923±0.014,0.923±0.014,0.934±0.013
seismic-bumps,AUC,Default,0.747±0.021,0.734±0.024,0.759±0.022,0.752±0.027,0.776±0.027,0.770±0.026,0.728±0.034,0.763±0.026,0.760±0.030,0.769±0.024,0.771±0.023,0.772±0.025,0.774±0.022,0.783±0.024,0.759±0.024,0.685±0.034,-
seismic-bumps,AUC,Tuned,0.767±0.022,0.767±0.029,0.768±0.024,0.770±0.027,0.772±0.026,0.763±0.026,0.759±0.033,0.758±0.026,0.761±0.027,0.768±0.026,0.763±0.027,0.766±0.023,-,-,0.761±0.023,0.764±0.028,-
seismic-bumps,AUC,Tuned + Ens.,0.765±0.026,0.771±0.025,0.771±0.025,0.771±0.026,0.767±0.028,0.767±0.025,0.761±0.028,0.762±0.025,0.766±0.027,0.770±0.026,0.734±0.026,0.769±0.024,-,-,0.763±0.025,0.760±0.022,0.758±0.032
splice,logloss,Default,0.317±0.005,0.393±0.007,0.119±0.020,0.111±0.016,0.110±0.017,0.118±0.013,0.118±0.013,0.157±0.022,0.126±0.014,0.110±0.016,0.144±0.013,0.107±0.015,0.267±0.010,0.148±0.020,0.167±0.019,0.551±0.017,-
splice,logloss,Tuned,0.180±0.015,0.175±0.015,0.109±0.018,0.103±0.016,0.115±0.020,0.119±0.012,0.105±0.013,0.127±0.017,0.110±0.014,0.112±0.019,0.120±0.011,0.113±0.019,-,-,0.148±0.012,0.485±0.024,-
splice,logloss,Tuned + Ens.,0.178±0.014,0.173±0.013,0.109±0.018,0.102±0.015,0.111±0.018,0.117±0.012,0.103±0.014,0.116±0.014,0.106±0.013,0.110±0.017,0.122±0.014,0.099±0.015,-,-,0.148±0.012,0.447±0.025,0.100±0.017
students_dropout_and_academic_success,logloss,Default,0.584±0.011,0.591±0.012,0.554±0.016,0.555±0.015,0.552±0.016,0.565±0.014,0.565±0.021,0.581±0.018,0.556±0.015,0.543±0.013,0.555±0.015,0.534±0.012,0.561±0.018,0.550±0.014,0.571±0.017,0.829±0.047,-
students_dropout_and_academic_success,logloss,Tuned,0.576±0.014,0.570±0.011,0.545±0.015,0.543±0.016,0.543±0.017,0.561±0.013,0.549±0.015,0.559±0.016,0.553±0.013,0.541±0.014,0.554±0.012,0.529±0.015,-,-,0.562±0.013,0.705±0.018,-
students_dropout_and_academic_success,logloss,Tuned + Ens.,0.574±0.013,0.566±0.013,0.546±0.014,0.542±0.015,0.541±0.016,0.560±0.014,0.540±0.015,0.552±0.014,0.542±0.014,0.538±0.014,0.546±0.013,0.527±0.015,-,-,0.561±0.013,0.663±0.017,0.536±0.015
superconductivity,rmse,Default,9.63±0.19,9.43±0.18,9.45±0.18,9.41±0.21,9.36±0.19,10.53±0.23,11.51±0.10,9.95±0.21,9.57±0.29,9.51±0.21,9.56±0.16,-,9.08±0.20,-,17.43±0.10,11.10±0.16,-
superconductivity,rmse,Tuned,9.62±0.19,9.43±0.18,9.35±0.21,9.28±0.22,9.34±0.21,10.43±0.22,10.59±0.10,9.66±0.16,9.44±0.23,9.31±0.21,9.50±0.14,-,-,-,17.42±0.09,10.25±0.26,-
superconductivity,rmse,Tuned + Ens.,9.53±0.19,9.39±0.18,9.34±0.20,9.26±0.20,9.34±0.20,10.21±0.18,10.55±0.12,9.56±0.16,9.22±0.21,9.24±0.20,9.28±0.19,-,-,-,17.26±0.10,9.95±0.22,9.22±0.16
taiwanese_bankruptcy_prediction,AUC,Default,0.933±0.011,0.937±0.011,0.941±0.008,0.938±0.008,0.944±0.006,0.942±0.005,0.914±0.022,0.925±0.009,0.941±0.006,0.941±0.004,0.940±0.006,0.942±0.005,0.937±0.008,0.944±0.006,0.936±0.005,0.870±0.017,-
taiwanese_bankruptcy_prediction,AUC,Tuned,0.932±0.011,0.937±0.008,0.943±0.008,0.943±0.008,0.944±0.007,0.940±0.005,0.923±0.009,0.940±0.007,0.941±0.007,0.942±0.004,0.939±0.010,0.943±0.007,-,-,0.938±0.003,0.925±0.014,-
taiwanese_bankruptcy_prediction,AUC,Tuned + Ens.,0.932±0.012,0.938±0.008,0.944±0.008,0.944±0.007,0.943±0.006,0.941±0.004,0.927±0.010,0.943±0.007,0.945±0.006,0.943±0.004,0.932±0.013,0.945±0.008,-,-,0.938±0.003,0.936±0.007,0.946±0.006
website_phishing,logloss,Default,0.312±0.037,0.312±0.036,0.260±0.027,0.255±0.021,0.252±0.022,0.357±0.021,0.334±0.023,0.289±0.035,0.256±0.026,0.246±0.026,0.261±0.023,0.229±0.025,0.228±0.027,0.228±0.026,0.360±0.021,0.938±0.142,-
website_phishing,logloss,Tuned,0.262±0.019,0.258±0.020,0.251±0.022,0.249±0.021,0.239±0.022,0.357±0.020,0.245±0.022,0.237±0.020,0.236±0.026,0.238±0.027,0.243±0.025,0.223±0.027,-,-,0.359±0.023,0.385±0.048,-
website_phishing,logloss,Tuned + Ens.,0.257±0.019,0.250±0.019,0.251±0.023,0.247±0.021,0.239±0.021,0.357±0.020,0.241±0.021,0.230±0.019,0.232±0.021,0.236±0.025,0.239±0.022,0.222±0.025,-,-,0.358±0.022,0.299±0.033,0.233±0.021
wine_quality,rmse,Default,0.620±0.021,0.613±0.021,0.621±0.021,0.628±0.019,0.621±0.019,0.679±0.015,0.669±0.019,0.691±0.019,0.625±0.018,0.637±0.020,0.610±0.020,0.692±0.012,0.590±0.018,-,0.731±0.017,0.627±0.023,-
wine_quality,rmse,Tuned,0.616±0.021,0.606±0.025,0.610±0.019,0.607±0.019,0.605±0.020,0.678±0.016,0.668±0.018,0.653±0.018,0.618±0.019,0.620±0.020,0.606±0.019,0.639±0.017,-,-,0.731±0.017,0.627±0.022,-
wine_quality,rmse,Tuned + Ens.,0.611±0.021,0.603±0.021,0.610±0.020,0.608±0.019,0.605±0.020,0.675±0.016,0.657±0.019,0.650±0.015,0.603±0.020,0.612±0.020,0.601±0.020,0.610±0.020,-,-,0.730±0.016,0.617±0.021,0.599±0.020