MedInc,HouseAge,AveRooms,AveBedrms,Population,AveOccup,Latitude,Longitude,ln_house_value
1.3882,15.0,3.9295302013422817,1.1006711409395973,1024.0,3.436241610738255,32.8,-115.56,0.694
5.6315,34.0,4.5405982905982905,1.064102564102564,1052.0,2.247863247863248,33.62,-117.93,4.846
3.1977,31.0,3.6412213740458017,0.9414758269720102,704.0,1.7913486005089059,36.58,-121.9,2.893
2.9135,27.0,5.349282296650718,0.9330143540669856,647.0,3.0956937799043063,37.48,-120.89,1.594
4.4125,20.0,6.0,1.0456621004566211,712.0,3.2511415525114153,38.27,-121.26,1.446
2.2375,19.0,4.742105263157895,0.9631578947368421,700.0,3.6842105263157894,36.94,-120.06,0.643
2.2375,24.0,4.381736526946108,1.0538922155688624,2005.0,3.001497005988024,32.73,-117.1,1.029
4.9792,11.0,6.400826446280992,1.012396694214876,1391.0,2.87396694214876,32.64,-117.0,1.704
2.4505,25.0,4.225388601036269,1.0751295336787565,1045.0,2.7072538860103625,33.2,-117.24,1.475
4.7946,52.0,5.010964912280702,1.1162280701754386,839.0,1.8399122807017543,37.75,-122.43,3.556
4.2312,43.0,5.610108303249097,1.036101083032491,802.0,2.895306859205776,34.12,-118.07,2.726
2.0216,18.0,5.463291139240506,1.0455696202531646,1461.0,3.69873417721519,36.38,-119.21,0.58
2.8621,31.0,4.225108225108225,1.0194805194805194,936.0,2.0259740259740258,32.77,-117.2,1.969
2.5,35.0,3.36697247706422,1.036697247706422,398.0,3.6513761467889907,37.47,-122.22,1.667
3.1979,16.0,5.723374827109267,1.0484094052558783,1762.0,2.437067773167358,38.27,-121.99,1.375
7.3681,13.0,7.584033613445378,1.158263305322129,2061.0,2.8865546218487395,33.85,-117.77,3.531
3.9423,39.0,5.5096525096525095,1.1833976833976834,1338.0,2.583011583011583,37.15,-122.13,1.803
1.1944,44.0,5.046511627906977,1.2790697674418605,274.0,3.186046511627907,35.38,-119.01,0.575
3.4333,27.0,3.443080357142857,0.9776785714285714,1453.0,1.6216517857142858,37.57,-122.33,2.9
3.5547,34.0,5.051971326164875,1.0913978494623655,1718.0,3.078853046594982,34.06,-117.92,1.976
6.2319,10.0,6.415520628683693,1.0176817288801572,2975.0,2.9223968565815324,34.01,-118.03,4.037
3.1786,34.0,2.8907563025210083,0.907563025210084,315.0,2.6470588235294117,34.06,-117.73,1.178
3.0568,41.0,4.868243243243243,0.9256756756756757,646.0,2.1824324324324325,36.77,-119.82,0.713
2.0,52.0,5.355685131195335,1.2419825072886297,1062.0,3.0962099125364433,33.98,-118.31,0.965
2.7125,40.0,4.7478991596638656,1.0476190476190477,1138.0,3.1876750700280114,34.03,-118.3,1.5
3.3713,29.0,4.359805510534846,1.06807131280389,1747.0,2.831442463533225,33.87,-118.15,1.982
5.6223,24.0,6.988269794721408,1.0058651026392962,1146.0,3.3607038123167157,37.26,-121.87,2.657
2.5875,24.0,9.77578475336323,2.318385650224215,755.0,3.3856502242152464,38.94,-119.95,1.734
3.9,36.0,5.2727272727272725,0.922077922077922,268.0,3.4805194805194803,33.89,-118.25,1.158
1.947,24.0,5.0,1.1685393258426966,1180.0,4.419475655430712,36.77,-120.41,0.689
5.6436,6.0,6.574750830564784,1.073920265780731,2741.0,2.276578073089701,33.05,-117.05,2.786
3.9375,46.0,4.611607142857143,1.0044642857142858,1275.0,2.845982142857143,33.87,-117.94,1.87
6.8233,18.0,7.228915662650603,1.0096385542168675,1155.0,2.783132530120482,37.67,-122.04,3.326
4.25,33.0,4.6375838926174495,0.8523489932885906,431.0,2.8926174496644297,37.63,-122.08,1.926
6.5475,25.0,6.992373689227836,1.1029551954242136,2626.0,2.503336510962822,37.49,-122.28,5.00001
2.9375,19.0,5.236286919831223,1.029535864978903,850.0,3.586497890295359,36.33,-119.67,0.817
6.8443,30.0,5.491582491582491,1.0437710437710437,665.0,2.239057239057239,33.0,-117.31,4.925
6.556,14.0,5.925714285714286,0.9485714285714286,1178.0,2.243809523809524,37.99,-121.34,2.347
2.125,45.0,6.213235294117647,1.1397058823529411,343.0,2.5220588235294117,39.14,-121.91,0.62
5.0544,29.0,5.875555555555556,1.031111111111111,1372.0,3.048888888888889,38.24,-122.67,2.618
5.2363,19.0,4.546762589928058,0.947242206235012,2105.0,2.5239808153477217,33.83,-118.32,3.1
7.1088,33.0,6.9806122448979595,0.9693877551020408,2681.0,2.7357142857142858,37.46,-122.25,4.433
5.3276,22.0,8.751201923076923,1.4819711538461537,1849.0,2.222355769230769,36.93,-121.9,3.355
3.01,21.0,10.553648068669528,2.2532188841201717,584.0,2.5064377682403434,39.25,-120.06,1.635
4.6111,45.0,5.355437665782493,1.0450928381962865,1549.0,4.108753315649867,33.84,-117.92,2.23
4.537,39.0,5.711811023622047,1.0488188976377952,1531.0,2.411023622047244,37.3,-121.9,3.459
6.7079,17.0,6.101923076923077,0.9634615384615385,1555.0,2.9903846153846154,33.64,-117.66,2.508
2.227,30.0,3.7037037037037037,1.0980392156862746,1719.0,3.7450980392156863,34.06,-117.76,0.919
3.1528,21.0,6.104838709677419,1.010752688172043,1145.0,3.077956989247312,36.13,-119.08,1.137
3.6231,15.0,4.366741573033708,1.0728089887640448,4992.0,2.2435955056179777,34.25,-118.59,1.933
1.3571,21.0,2.8147138964577656,1.0190735694822888,2548.0,3.4713896457765667,38.56,-121.42,0.55
4.5333,21.0,4.95970695970696,1.0586080586080586,639.0,2.340659340659341,37.25,-121.93,2.342
7.5822,14.0,7.546419098143236,1.1140583554376657,1172.0,3.1087533156498672,34.04,-117.15,2.831
3.455,37.0,6.450980392156863,1.061624649859944,1026.0,2.8739495798319328,32.63,-117.07,1.569
3.6492,8.0,4.577447335811648,1.2354399008674102,1297.0,1.607187112763321,32.76,-117.18,1.589
4.7568,12.0,6.446215139442231,1.0,1610.0,3.2071713147410357,33.92,-117.16,1.435
5.4903,23.0,6.013921113689095,0.9605568445475638,1401.0,3.2505800464037122,32.85,-117.01,1.514
6.9021,33.0,5.520775623268698,1.0277008310249307,918.0,2.542936288088643,33.87,-118.38,3.376
3.4186,6.0,5.66256157635468,1.0270935960591132,2561.0,3.1539408866995076,38.53,-121.99,1.273
3.9306,19.0,6.293577981651376,0.981651376146789,348.0,3.1926605504587156,38.41,-121.76,0.938
2.9559,16.0,4.284403669724771,1.0160550458715596,1323.0,3.0344036697247705,36.2,-121.13,1.632
3.7361,23.0,5.352,1.042,1456.0,2.912,38.61,-122.87,1.737
2.625,31.0,4.416666666666667,0.9345238095238095,1163.0,3.4613095238095237,37.96,-121.22,0.721
6.8729,8.0,14.70673076923077,2.4038461538461537,612.0,2.9423076923076925,33.78,-116.4,2.592
6.0621,20.0,6.512195121951219,1.018970189701897,1149.0,3.113821138211382,37.06,-122.0,3.044
2.4038,46.0,3.6126543209876543,1.0848765432098766,2371.0,3.6589506172839505,34.07,-118.26,1.817
5.31,15.0,7.1680851063829785,1.0617021276595744,1733.0,3.6872340425531913,38.57,-121.32,1.275
4.2292,33.0,6.39375,1.021875,1018.0,3.18125,33.89,-118.01,2.128
3.87,26.0,6.048843187660668,1.0,1420.0,3.6503856041131106,34.7,-120.43,1.258
1.2292,52.0,2.3401360544217686,1.2040816326530612,460.0,3.129251700680272,32.72,-117.15,1.375
7.8426,35.0,6.708677685950414,1.084710743801653,1065.0,2.200413223140496,34.08,-118.46,5.00001
2.6991,30.0,4.336448598130841,1.074766355140187,913.0,4.266355140186916,33.96,-118.07,1.471
4.4239,16.0,4.896551724137931,1.1551724137931034,689.0,1.9798850574712643,37.9,-122.52,2.671
1.6023,32.0,3.878787878787879,1.0696969696969696,1335.0,4.045454545454546,32.7,-117.14,0.773
4.2143,34.0,5.402810304449648,0.9086651053864169,1168.0,2.7353629976580796,34.18,-118.52,2.454
7.8904,33.0,7.082802547770701,1.0047770700636942,1675.0,2.667197452229299,37.95,-122.52,4.688
8.7939,18.0,7.96875,0.975,999.0,3.121875,37.29,-122.02,5.00001
4.625,13.0,4.671711292200233,1.0512223515715948,1999.0,2.3271245634458673,33.7,-117.99,2.488
2.8906,16.0,5.413043478260869,1.0341614906832297,652.0,2.0248447204968945,32.85,-116.89,1.583
3.7143,32.0,4.443661971830986,1.011737089201878,2245.0,5.269953051643192,33.75,-117.9,1.63
2.7256,36.0,5.6396103896103895,1.047077922077922,1679.0,2.7256493506493507,35.34,-119.03,0.719
3.1442,50.0,4.708708708708708,0.9069069069069069,1093.0,3.2822822822822824,34.09,-118.16,1.621
2.65,38.0,4.6887966804979255,0.946058091286307,699.0,2.900414937759336,32.77,-117.07,1.676
5.7765,36.0,5.791443850267379,1.0,522.0,2.7914438502673797,33.82,-118.36,3.395
4.174,42.0,6.595317725752508,1.234113712374582,1374.0,2.297658862876254,36.57,-121.92,3.944
3.6287,4.0,3.9006226053639845,1.09794061302682,7604.0,1.8208812260536398,32.86,-117.22,2.808
2.9167,25.0,3.5666251556662516,1.0510585305105853,1745.0,2.1731008717310085,34.14,-118.23,2.243
4.75,15.0,4.678227360308285,0.9884393063583815,1687.0,3.250481695568401,37.45,-121.89,2.544
3.1875,44.0,4.012886597938144,1.0038659793814433,2959.0,3.8131443298969074,33.96,-118.2,1.717
5.8374,36.0,5.438202247191011,0.9644194756554307,1463.0,2.7397003745318353,33.91,-118.38,2.896
3.2596,42.0,4.0117096018735365,0.9742388758782201,1349.0,3.159250585480094,34.17,-118.37,1.918
3.9922,32.0,5.738317757009346,0.8878504672897196,227.0,2.121495327102804,37.96,-121.36,2.474
3.8826,17.0,9.426315789473684,1.8736842105263158,432.0,2.2736842105263158,39.63,-120.73,0.924
7.3195,37.0,7.506769825918762,1.0831721470019342,1315.0,2.5435203094777563,37.89,-122.2,3.675
3.6429,52.0,5.157894736842105,1.0,1208.0,3.0275689223057642,37.74,-122.41,2.3
3.1127,29.0,4.2087227414330215,1.0591900311526479,1360.0,2.1183800623052957,37.66,-121.88,2.33
3.4338,34.0,4.719063545150502,0.9765886287625418,1040.0,3.4782608695652173,33.87,-117.9,1.952
3.3006,17.0,3.926091825307951,1.110862262038074,2104.0,2.3561030235162375,33.83,-117.98,1.858
2.0136,13.0,5.309523809523809,1.1011904761904763,2225.0,2.6488095238095237,34.49,-117.17,0.941
3.9844,18.0,6.131004366812227,0.9868995633187773,754.0,3.2925764192139737,36.6,-119.46,1.181
3.0833,29.0,5.434108527131783,0.9819121447028424,1124.0,2.904392764857881,38.69,-121.37,0.87
8.8204,22.0,7.449180327868852,0.9114754098360656,933.0,3.059016393442623,34.12,-117.66,3.905
5.1668,28.0,5.701252236135957,1.0178890876565294,2205.0,3.9445438282647585,34.3,-118.41,1.874
2.1094,24.0,2.8434466019417477,1.0121359223300972,3537.0,4.29247572815534,34.06,-118.03,1.352
4.5266,4.0,6.3589576547231275,1.0964169381107491,4970.0,3.237785016286645,34.57,-118.09,1.429
4.2937,35.0,6.092178770949721,1.0363128491620113,1249.0,3.488826815642458,33.86,-117.96,1.832
1.75,25.0,3.9125,1.0291666666666666,1003.0,4.179166666666666,32.71,-117.1,0.879
4.3657,17.0,6.555806087936866,1.012401352874859,2614.0,2.947012401352875,38.44,-122.66,2.159
2.0307,32.0,3.467716535433071,1.0614173228346457,2178.0,3.4299212598425197,34.09,-118.3,2.267
5.1534,19.0,5.6280373831775705,1.0299065420560747,1665.0,3.1121495327102804,38.43,-121.95,2.328
4.6176,44.0,5.883966244725738,1.0611814345991561,3732.0,7.8734177215189876,33.97,-118.41,3.523
2.1638,26.0,4.839655172413793,1.0862068965517242,1785.0,3.0775862068965516,32.78,-116.96,1.328
4.6528,47.0,4.335820895522388,0.8768656716417911,781.0,2.9141791044776117,34.13,-118.23,2.444
4.3068,26.0,6.5493421052631575,1.0855263157894737,1014.0,3.335526315789474,33.24,-117.23,2.401
3.0912,40.0,4.396261682242991,1.0018691588785047,1430.0,2.6728971962616823,36.84,-121.4,1.553
3.1023,23.0,5.161375661375661,1.0449735449735449,901.0,2.3835978835978837,32.84,-117.01,1.433
2.2768,52.0,4.953068592057762,0.9873646209386282,1479.0,2.6696750902527078,37.77,-122.18,0.962
3.1458,4.0,4.879818594104308,1.3151927437641724,1083.0,2.45578231292517,34.07,-117.57,1.188
5.9113,37.0,6.438746438746438,1.0085470085470085,809.0,2.304843304843305,32.73,-117.24,3.883
7.0674,46.0,5.761061946902655,0.9513274336283186,482.0,2.1327433628318584,34.06,-118.46,5.00001
2.1467,15.0,4.321951219512195,0.9951219512195122,576.0,2.8097560975609754,39.6,-121.54,0.841
2.6689,12.0,2.9295154185022025,1.0684287812041116,7429.0,2.181791483113069,33.91,-118.34,1.923
7.1674,26.0,5.307807807807808,1.1231231231231231,1322.0,1.984984984984985,34.07,-118.44,5.00001
3.3438,8.0,6.096871846619576,0.987891019172553,3031.0,3.058526740665994,34.4,-117.27,1.244
3.016,6.0,4.883196721311475,1.2418032786885247,1301.0,2.665983606557377,34.14,-117.24,1.075
4.4375,43.0,5.710344827586207,1.0413793103448277,446.0,3.075862068965517,37.3,-121.91,3.276
2.3026,25.0,5.543859649122807,1.1578947368421053,613.0,3.584795321637427,36.59,-120.18,0.906
3.1786,52.0,4.15,0.85,1463.0,4.063888888888889,37.73,-122.43,2.226
3.7381,34.0,4.883495145631068,0.9475728155339805,1594.0,3.095145631067961,32.78,-117.16,1.65
1.5561,35.0,4.139931740614334,1.2201365187713311,1920.0,3.2764505119453924,34.11,-117.29,0.68
4.6875,34.0,5.857142857142857,1.0267857142857142,342.0,3.0535714285714284,37.66,-122.1,2.006
2.4531,52.0,3.6198630136986303,0.9452054794520548,837.0,2.8664383561643834,37.75,-122.41,2.29
4.1765,52.0,4.952808988764045,1.1191011235955055,899.0,2.020224719101124,33.77,-118.15,3.939
11.5199,3.0,7.682926829268292,0.9349593495934959,337.0,2.7398373983739837,33.69,-118.01,5.00001
2.4375,30.0,5.165198237885463,1.092511013215859,1897.0,4.1784140969163,34.09,-117.73,1.121
2.6705,26.0,6.185344827586207,1.0086206896551724,544.0,2.3448275862068964,40.55,-122.37,1.367
2.1591,52.0,6.122137404580153,1.2213740458015268,564.0,4.305343511450381,34.06,-117.32,0.635
1.4141,18.0,5.907692307692308,1.3512820512820514,782.0,2.005128205128205,35.62,-118.45,0.758
2.8106,24.0,4.8865836791148,1.0248962655601659,1496.0,2.0691562932226835,38.65,-121.33,1.832
3.1106,18.0,4.5796875,1.0328125,3161.0,2.46953125,34.19,-118.55,1.706
3.7622,16.0,4.87479674796748,0.9804878048780488,1606.0,2.611382113821138,37.4,-121.9,1.5
9.4987,34.0,7.00979020979021,1.0433566433566435,1699.0,2.3762237762237763,34.16,-118.18,5.00001
4.0714,36.0,5.581589958158996,0.9895397489539749,1315.0,2.7510460251046025,33.85,-118.16,2.156
4.6667,43.0,4.741176470588235,0.9058823529411765,156.0,1.8352941176470587,34.27,-119.28,3.846
4.2917,44.0,4.97093023255814,0.9680232558139535,786.0,2.2848837209302326,33.83,-118.13,3.147
4.4712,52.0,4.490909090909091,1.0303030303030303,277.0,1.6787878787878787,37.8,-122.42,5.00001
5.0424,45.0,5.540350877192982,0.9754385964912281,687.0,2.4105263157894736,33.83,-118.12,2.259
2.8295,52.0,4.94025974025974,1.0545454545454545,1233.0,3.2025974025974024,34.03,-118.31,1.322
4.2071,14.0,3.9169288860918816,1.0566393958464444,3148.0,1.9811202013845186,33.67,-117.92,4.309
10.9052,23.0,8.464163822525597,1.0102389078498293,1929.0,3.2918088737201363,34.26,-118.54,5.00001
1.2232,31.0,4.405882352941177,1.0558823529411765,1168.0,3.4352941176470586,35.36,-118.99,0.493
1.9531,30.0,4.097560975609756,1.1382113821138211,529.0,4.300813008130081,33.99,-118.27,1.0
3.2652,12.0,4.39935956084172,1.0274473924977128,12153.0,2.7797346752058556,36.72,-121.68,1.528
3.2396,5.0,5.762973352033661,1.150070126227209,3062.0,4.2945301542777,37.48,-121.12,1.252
2.8542,44.0,5.269230769230769,1.0631868131868132,1041.0,2.85989010989011,33.99,-118.33,1.265
1.8616,37.0,5.042801556420233,1.1517509727626458,569.0,2.2140077821011674,39.75,-121.63,0.705
2.1513,27.0,4.698550724637681,1.0521739130434782,909.0,2.634782608695652,37.93,-121.19,0.997
3.0685,13.0,8.149572649572649,2.324786324786325,575.0,2.4572649572649574,37.64,-118.97,1.625
2.2791,23.0,5.394944707740916,1.2290679304897314,1492.0,2.3570300157977884,34.86,-120.45,1.148
4.0714,19.0,61.8125,11.0,112.0,2.3333333333333335,39.01,-120.06,4.375
2.0556,52.0,8.316602316602317,1.9266409266409266,524.0,2.023166023166023,38.46,-123.02,1.2
2.0308,6.0,4.827556325823224,1.1403812824956672,4048.0,3.5077989601386483,34.1,-117.45,0.911
2.4828,17.0,5.4466177669111655,1.0562347188264058,2677.0,2.1817440912795436,34.1,-116.43,0.84
1.735,14.0,4.599397590361446,0.9789156626506024,1453.0,4.376506024096385,32.73,-115.53,0.612
5.5608,34.0,6.08955223880597,0.9813432835820896,690.0,2.574626865671642,33.94,-117.97,2.558
2.4583,35.0,5.782201405152225,1.2950819672131149,1168.0,2.7353629976580796,34.77,-119.72,0.621
1.5909,24.0,7.329787234042553,1.446808510638298,532.0,2.8297872340425534,33.09,-116.66,2.219
1.5369,39.0,3.6213389121338913,1.0146443514644352,2115.0,4.424686192468619,33.77,-118.27,1.413
4.1083,41.0,4.244565217391305,1.0244565217391304,874.0,2.375,34.0,-118.44,3.243
2.525,46.0,3.9470404984423677,1.0093457943925233,792.0,2.467289719626168,37.87,-122.29,1.659
10.4415,7.0,8.825539568345324,1.0377697841726619,1883.0,3.3866906474820144,33.54,-117.71,4.538
3.703,22.0,3.8816067653276956,1.1169837914023961,6664.0,2.3481324876673715,33.84,-118.36,3.613
3.5045,30.0,3.791946308724832,1.0738255033557047,932.0,2.0850111856823266,37.39,-122.07,3.525
3.911,4.0,4.508455467869222,1.2164599774520857,1591.0,1.7936865839909808,37.99,-122.33,1.125
13.6842,43.0,8.46484375,0.9921875,761.0,2.97265625,34.04,-118.52,5.00001
3.32,40.0,4.548821548821548,1.1111111111111112,701.0,2.3602693602693603,37.56,-122.31,2.929
4.375,33.0,4.888040712468193,1.0101781170483461,1492.0,3.796437659033079,34.1,-117.92,1.505
3.6923,28.0,5.854497354497354,1.0317460317460319,1096.0,2.8994708994708995,40.54,-122.37,0.869
4.1552,43.0,4.964179104477612,0.9850746268656716,935.0,2.791044776119403,37.74,-122.41,2.409
5.3321,7.0,7.830524344569288,1.2303370786516854,3907.0,3.6582397003745317,37.73,-121.44,2.081
5.4903,23.0,6.013921113689095,0.9605568445475638,1401.0,3.2505800464037122,32.85,-117.01,1.514
6.9553,35.0,7.307392996108949,1.198443579766537,598.0,2.3268482490272375,32.81,-117.29,5.00001
3.625,20.0,3.5945945945945947,0.9459459459459459,87.0,2.3513513513513513,40.22,-123.43,0.675
4.1321,35.0,5.3760683760683765,0.9344729344729344,989.0,2.8176638176638176,33.93,-117.97,1.981
3.8929,52.0,4.7301204819277105,1.036144578313253,1197.0,2.8843373493975903,33.79,-117.85,2.11
2.4414,52.0,2.900293255131965,1.2463343108504399,634.0,1.8592375366568914,37.78,-122.42,2.75
4.6696,17.0,4.841911764705882,0.9411764705882353,679.0,2.4963235294117645,33.8,-117.92,1.595
3.1346,50.0,5.869426751592357,1.0382165605095541,892.0,2.840764331210191,33.95,-118.3,1.2
2.9301,33.0,5.472154963680388,1.0653753026634383,966.0,2.3389830508474576,36.79,-119.78,0.683
2.3382,19.0,4.05989110707804,1.0526315789473684,1438.0,2.6098003629764066,37.97,-122.34,1.207
1.8689,25.0,4.360169491525424,1.0169491525423728,2529.0,3.5720338983050848,38.52,-121.41,0.668
3.0687,37.0,3.1531531531531534,1.0360360360360361,342.0,3.081081081081081,34.17,-118.3,2.0
4.6167,11.0,4.694835680751174,0.9178403755868545,1503.0,3.528169014084507,34.09,-117.61,1.44
8.093,29.0,7.995505617977528,1.0044943820224719,1097.0,2.465168539325843,32.77,-116.98,3.796
2.6893,26.0,5.355263157894737,1.005639097744361,1383.0,2.5996240601503757,34.45,-119.29,2.308
0.8964,24.0,5.726618705035971,1.7482014388489209,227.0,1.6330935251798562,33.43,-114.73,0.592
3.2396,14.0,5.092511013215859,0.9515418502202643,574.0,2.5286343612334803,38.37,-121.94,1.438
2.1571,48.0,6.118483412322274,1.1753554502369667,580.0,2.748815165876777,34.84,-114.61,0.486
3.9464,9.0,4.675257731958763,1.0670103092783505,619.0,3.1907216494845363,34.14,-117.96,1.796
2.334,30.0,5.3652173913043475,1.0608695652173914,1688.0,2.9356521739130437,39.51,-121.52,0.722
5.392,52.0,6.870535714285714,0.9464285714285714,535.0,2.388392857142857,32.75,-117.18,4.085
9.3603,51.0,6.765586034912718,0.9875311720698254,1090.0,2.718204488778055,37.75,-122.47,5.00001
3.8047,45.0,4.911475409836066,1.0262295081967212,1003.0,3.2885245901639344,37.72,-122.18,1.567
5.2035,40.0,5.83955223880597,1.0037313432835822,826.0,3.082089552238806,34.0,-118.39,4.857
5.4024,47.0,4.906716417910448,1.0820895522388059,581.0,2.167910447761194,34.25,-118.64,2.53
2.7841,48.0,5.507537688442211,1.0954773869346734,657.0,3.301507537688442,39.03,-121.91,0.658
1.9309,31.0,3.7628205128205128,1.1004273504273505,1810.0,3.8675213675213675,33.75,-117.86,1.734
1.9722,35.0,3.0,0.9887640449438202,1586.0,3.5640449438202246,34.07,-118.23,1.563
3.1107,26.0,4.375168690958165,1.0526315789473684,2100.0,2.834008097165992,37.31,-121.92,2.479
1.7188,45.0,5.008064516129032,1.0403225806451613,257.0,2.0725806451612905,37.77,-120.86,1.094
1.8584,44.0,3.437847866419295,1.0315398886827458,2090.0,3.877551020408163,33.74,-118.28,2.481
3.8643,33.0,5.052536231884058,1.0271739130434783,1682.0,3.0471014492753623,37.73,-122.41,2.762
3.1305,25.0,4.310077519379845,1.124031007751938,985.0,1.9089147286821706,33.64,-117.92,2.688
3.3047,52.0,7.9363636363636365,1.4318181818181819,941.0,4.277272727272727,37.18,-122.38,2.861
2.4956,11.0,4.960328317373461,1.0656634746922025,1819.0,2.488372093023256,36.75,-119.7,0.875
4.6923,39.0,5.566433566433567,1.0367132867132867,1188.0,2.076923076923077,38.53,-121.5,1.92
4.6607,29.0,4.730103806228374,0.9792387543252595,2630.0,3.033448673587082,34.22,-118.53,1.998
1.5132,28.0,2.567219152854512,1.0718232044198894,716.0,1.3186003683241252,34.02,-118.49,4.5
2.3182,23.0,3.6525974025974026,0.8863636363636364,687.0,2.2305194805194803,32.98,-117.09,2.688
2.3942,32.0,4.89748201438849,1.14568345323741,1549.0,2.785971223021583,38.58,-122.58,1.831
3.4028,27.0,3.7062068965517243,1.0593103448275862,1362.0,1.8786206896551725,37.37,-122.05,3.242
4.0693,16.0,5.536585365853658,1.0208034433285509,4383.0,3.144189383070301,32.86,-116.98,1.464
5.8336,36.0,7.46,0.96,414.0,2.76,38.6,-121.37,2.833
4.6173,15.0,6.0566929133858265,1.0661417322834645,2360.0,3.716535433070866,37.75,-121.45,1.648
4.525,36.0,4.590909090909091,0.875,237.0,2.6931818181818183,37.98,-122.0,1.613
1.6887,44.0,4.465587044534413,1.0728744939271255,760.0,3.076923076923077,33.94,-118.26,0.996
6.5987,24.0,7.375565610859729,1.0361990950226245,1383.0,3.1289592760180995,33.72,-117.82,2.728
9.9055,19.0,9.830769230769231,1.1692307692307693,822.0,3.1615384615384614,33.81,-117.82,4.569
5.1952,19.0,6.471810089020772,1.1869436201780414,1272.0,3.7744807121661723,33.92,-117.92,3.021
2.2778,41.0,5.333333333333333,1.1785714285714286,605.0,3.6011904761904763,33.93,-118.29,1.281
3.6625,33.0,5.224719101123595,1.0157303370786517,1170.0,2.6292134831460676,34.08,-117.91,2.171
4.0391,15.0,6.297709923664122,0.9923664122137404,334.0,2.549618320610687,32.72,-116.99,1.695
1.7115,51.0,3.3595800524934383,1.1076115485564304,1560.0,4.094488188976378,34.03,-118.27,1.25
6.7718,19.0,5.251173708920188,1.016431924882629,1158.0,2.7183098591549295,37.36,-122.0,3.683
4.7794,26.0,6.003597122302159,0.9928057553956835,951.0,3.420863309352518,37.44,-121.91,2.258
2.7386,16.0,3.367375886524823,1.1063829787234043,913.0,1.2950354609929078,32.77,-117.18,0.875
4.0179,18.0,4.442906574394463,0.9792387543252595,990.0,3.42560553633218,33.97,-118.36,1.958
6.7599,31.0,6.18780487804878,0.9317073170731708,1067.0,2.602439024390244,37.54,-121.94,3.56
5.04,22.0,7.160944206008583,1.111587982832618,1288.0,2.763948497854077,33.2,-117.21,2.537
6.8538,29.0,6.657992565055762,1.0074349442379182,661.0,2.45724907063197,37.83,-122.19,3.689
4.0521,35.0,5.7531380753138075,1.0418410041841004,1015.0,4.2468619246861925,34.03,-117.94,1.518
3.6492,8.0,4.577447335811648,1.2354399008674102,1297.0,1.607187112763321,32.76,-117.18,1.589
7.732,18.0,7.26171875,0.98046875,747.0,2.91796875,34.15,-117.2,1.732
2.6652,22.0,4.152302243211334,0.9563164108618654,3134.0,3.7001180637544273,34.28,-118.4,1.648
4.0208,28.0,5.986666666666666,1.0711111111111111,713.0,3.168888888888889,37.84,-121.23,1.557
2.8661,36.0,4.645468998410175,1.0365659777424483,2392.0,3.8028616852146264,34.07,-117.77,1.24
3.0568,41.0,5.95320197044335,1.0714285714285714,973.0,2.396551724137931,35.38,-118.96,0.856
3.9271,43.0,5.296187683284457,0.9941348973607038,764.0,2.2404692082111435,38.58,-121.44,1.471
5.1788,34.0,5.340579710144928,1.0144927536231885,362.0,2.6231884057971016,36.55,-121.59,2.7
4.5096,21.0,5.956958393113343,1.0086083213773314,2255.0,3.235294117647059,32.85,-116.91,1.595
4.2917,6.0,5.142276422764228,0.9227642276422764,764.0,3.105691056910569,36.29,-119.79,1.042
7.5337,29.0,6.233812949640288,0.9172661870503597,679.0,2.4424460431654675,37.36,-122.05,4.068
3.5,10.0,5.72791519434629,1.1236749116607774,866.0,3.060070671378092,40.25,-122.35,1.043
5.5787,42.0,6.306451612903226,1.0806451612903225,602.0,3.236559139784946,33.93,-118.31,1.42
2.15,15.0,4.060975609756097,0.926829268292683,247.0,1.5060975609756098,32.8,-117.09,1.313
1.6111,52.0,4.804878048780488,1.06430155210643,908.0,2.0133037694013303,40.8,-124.16,0.747
4.5918,36.0,5.292483660130719,1.1797385620915033,1383.0,2.2598039215686274,34.06,-118.32,3.37
4.1528,15.0,7.389355742296919,1.2016806722689075,1289.0,3.6106442577030813,36.76,-121.34,3.368
3.233,33.0,5.166841552990556,1.0566631689401889,3502.0,3.6747114375655823,34.08,-117.34,0.994
5.875,24.0,10.5,1.75,32.0,4.0,33.8,-118.02,1.938
6.2425,52.0,6.314356435643564,1.0321782178217822,894.0,2.212871287128713,37.88,-122.26,3.918
6.5214,16.0,7.053726169844021,1.0814558058925476,1543.0,2.6741767764298094,37.67,-121.88,3.115
5.4122,52.0,6.132530120481928,1.0481927710843373,775.0,2.3343373493975905,34.11,-118.28,3.975
1.125,46.0,5.714285714285714,1.4285714285714286,14.0,2.0,34.71,-118.12,2.25
2.9926,46.0,4.458823529411765,1.04,920.0,2.164705882352941,37.88,-122.29,1.921
4.2206,29.0,6.639204545454546,1.1107954545454546,1054.0,2.9943181818181817,38.51,-121.35,1.577
5.8322,15.0,5.74015748031496,1.0150918635170603,4784.0,3.1391076115485563,37.39,-121.85,2.766
2.1574,35.0,4.7297650130548305,1.097911227154047,2721.0,3.552219321148825,33.92,-117.28,0.869
4.6761,31.0,5.649501661129568,1.0232558139534884,1750.0,2.9069767441860463,38.07,-122.14,1.431
2.1164,34.0,3.9858823529411764,1.0705882352941176,1467.0,3.451764705882353,32.71,-117.14,1.394
2.925,26.0,5.283524904214559,1.0938697318007662,1291.0,2.4731800766283527,35.52,-120.69,1.814
2.8152,27.0,6.142028985507246,1.0811594202898551,1268.0,3.6753623188405795,36.16,-119.45,1.069
4.3958,35.0,5.85754189944134,0.9804469273743017,977.0,2.7290502793296088,38.0,-121.31,1.084
5.1463,35.0,6.257028112449799,1.072289156626506,793.0,3.1847389558232932,34.2,-118.58,2.202
2.8125,28.0,5.7277936962750715,1.0959885386819483,1614.0,2.312320916905444,38.37,-120.87,1.134
3.4722,34.0,5.114457831325301,1.0783132530120483,2108.0,4.232931726907631,34.04,-117.98,1.546
4.0536,34.0,5.455268389662028,1.0755467196819086,1333.0,2.650099403578529,33.96,-118.14,2.772
4.2981,52.0,6.329113924050633,1.2151898734177216,363.0,2.2974683544303796,34.11,-118.15,3.528
5.3777,41.0,5.479400749063671,1.0,601.0,2.250936329588015,34.06,-118.43,5.00001
2.862,21.0,4.2480957562568005,1.0663764961915125,1949.0,2.120783460282916,37.87,-122.51,2.584
2.0871,20.0,3.5859154929577466,0.9971830985915493,1548.0,4.3605633802816905,33.64,-116.11,0.847
3.2765,18.0,6.326271186440678,1.2648305084745763,1355.0,2.8707627118644066,34.45,-117.79,1.65
1.9766,27.0,3.685279187817259,1.0642978003384094,2379.0,4.025380710659898,34.06,-117.77,1.08
3.9375,10.0,5.629107981220657,1.0344287949921753,1132.0,1.7715179968701096,38.43,-122.58,2.692
4.2099,24.0,5.124311565696302,1.014948859166011,2636.0,2.073957513768686,33.96,-118.33,1.898
2.7917,48.0,6.447115384615385,1.1490384615384615,671.0,3.2259615384615383,36.79,-120.04,0.828
4.1618,52.0,6.065602836879433,1.0602836879432624,1203.0,2.132978723404255,34.07,-118.34,5.00001
2.2336,28.0,5.298217179902755,1.0486223662884928,1595.0,2.5850891410048624,37.68,-120.99,1.127
0.8984,32.0,4.201581027667984,1.1146245059288538,992.0,3.9209486166007905,33.93,-118.24,0.887
4.7446,15.0,5.164102564102564,1.0743589743589743,839.0,2.151282051282051,33.93,-117.96,1.754
1.9176,24.0,4.23469387755102,0.9693877551020408,279.0,1.4234693877551021,33.02,-117.06,1.211
1.7823,17.0,4.055045871559633,1.0871559633027523,1079.0,2.4747706422018347,33.76,-117.88,2.053
3.6,43.0,5.109756097560975,1.0365853658536586,924.0,2.817073170731707,37.68,-122.13,1.794
3.9934,18.0,5.781935483870968,1.0064516129032257,2211.0,2.8529032258064517,38.55,-121.35,1.233
2.5656,21.0,4.375757575757576,1.0787878787878789,770.0,4.666666666666667,33.88,-117.52,1.025
2.1985,17.0,5.154205607476635,1.1168224299065421,1140.0,2.663551401869159,38.9,-123.69,0.953
2.7206,42.0,3.4309063893016343,1.0178306092124814,2609.0,3.87667161961367,33.95,-118.19,1.621
3.631,32.0,9.179775280898877,2.3146067415730336,224.0,2.5168539325842696,41.15,-122.68,0.904
3.375,10.0,5.975138121546961,1.0828729281767955,1174.0,3.2430939226519335,34.5,-117.35,0.98
4.7344,37.0,5.136125654450262,0.9607329842931938,1267.0,3.316753926701571,37.56,-122.3,2.718
4.0,35.0,4.938095238095238,0.9857142857142858,552.0,2.6285714285714286,37.71,-122.12,1.679
3.6806,15.0,5.744648318042813,1.018348623853211,1693.0,2.58868501529052,33.74,-116.93,1.128
6.8336,35.0,6.935114503816794,1.0,659.0,2.515267175572519,37.52,-122.31,4.572
2.9405,24.0,3.7675879396984926,0.9874371859296482,2937.0,3.6896984924623117,34.08,-118.14,2.178
4.2308,19.0,5.636363636363637,1.0526315789473684,1291.0,3.088516746411483,33.75,-118.3,4.161
4.8125,34.0,5.8734177215189876,1.0553797468354431,1521.0,2.4066455696202533,33.67,-118.0,3.878
2.4213,12.0,3.7448275862068967,1.013793103448276,870.0,3.0,32.58,-117.11,1.325
13.947,29.0,8.494816211121583,1.052780395852969,2919.0,2.751178133836004,34.11,-118.51,5.00001
2.9861,17.0,5.376413570274637,1.0145395799676897,1580.0,2.5525040387722133,37.12,-120.27,0.815
3.7932,37.0,5.5013774104683195,0.9944903581267218,1037.0,2.8567493112947657,34.2,-118.15,2.103
2.0133,35.0,3.0200803212851404,0.9578313253012049,2059.0,4.134538152610442,34.07,-118.22,1.458
3.7031,27.0,5.6474530831099194,1.0053619302949062,2142.0,2.871313672922252,37.81,-120.9,1.733
5.8382,30.0,7.425714285714286,1.0457142857142858,922.0,2.6342857142857143,37.72,-122.1,3.302
2.3886,14.0,4.805714285714286,1.0380952380952382,1297.0,2.4704761904761905,32.76,-117.07,1.381
2.8493,36.0,5.853018372703412,1.094488188976378,1395.0,3.661417322834646,33.89,-118.26,1.096
4.3039,21.0,5.034412955465587,1.1599190283400809,1515.0,3.0668016194331984,33.78,-117.87,1.685
4.8125,37.0,5.8121546961325965,0.9834254143646409,1495.0,2.7532228360957642,37.67,-122.14,1.883
6.2583,37.0,4.959501557632398,0.9595015576323987,783.0,2.439252336448598,34.02,-118.44,3.86
3.6719,48.0,5.485106382978723,1.1914893617021276,782.0,3.3276595744680852,37.72,-122.43,2.598
4.2167,52.0,5.742690058479532,1.152046783625731,653.0,3.818713450292398,37.72,-122.45,2.319
5.4694,25.0,5.360441075120606,1.0289455547898,4674.0,3.221226740179187,37.66,-122.53,2.724
4.0924,37.0,4.990338164251208,1.0483091787439613,1031.0,2.4903381642512077,34.2,-118.51,1.884
3.8003,23.0,4.190885640584694,1.0756663800515907,2699.0,2.3207222699914016,37.42,-122.09,2.298
4.4271,28.0,5.743055555555555,1.2361111111111112,703.0,4.881944444444445,36.86,-121.73,1.757
1.6875,29.0,3.815040650406504,1.048780487804878,1634.0,3.321138211382114,34.94,-120.44,1.227
5.0739,16.0,5.124137931034483,0.9839080459770115,3038.0,3.4919540229885055,37.54,-122.03,2.08
6.0,26.0,6.281501340482574,1.0107238605898123,1166.0,3.1260053619302948,33.78,-118.01,2.331
2.6618,22.0,4.210131332082551,1.0787992495309568,1543.0,2.8949343339587243,33.77,-117.97,1.796
6.91,40.0,4.920454545454546,1.0284090909090908,399.0,2.2670454545454546,34.08,-118.6,3.8
3.5551,16.0,4.581497797356828,1.0058737151248165,2383.0,3.499265785609398,37.03,-121.58,1.986
2.6607,16.0,6.151468315301391,1.054095826893354,3174.0,4.905718701700154,32.82,-117.11,1.75
3.3699,22.0,23.39660056657224,3.991501416430595,845.0,2.3937677053824364,39.2,-120.22,2.44
6.2094,16.0,8.197771587743732,1.0974930362116992,959.0,2.671309192200557,34.62,-120.11,4.4
3.0393,17.0,4.235802469135803,1.1530864197530863,2365.0,2.919753086419753,33.96,-118.36,1.292
4.2782,8.0,4.278404815650865,1.1203912716328066,3250.0,2.4454477050413845,37.37,-122.02,3.277
7.6832,11.0,7.26775956284153,0.9617486338797814,1226.0,3.349726775956284,33.06,-117.26,3.198
2.2868,17.0,5.6,1.0735042735042735,3546.0,6.061538461538461,41.81,-124.15,1.031
7.0935,22.0,6.349367088607595,1.0177215189873419,1254.0,3.1746835443037975,33.82,-118.32,3.795
2.4792,24.0,3.4547038327526134,1.1341463414634145,2251.0,3.921602787456446,34.18,-118.38,2.0
4.3269,34.0,5.5344827586206895,1.0531609195402298,1661.0,2.3864942528735633,36.59,-121.84,2.213
4.1926,12.0,3.8909774436090228,1.1033834586466165,1216.0,2.2857142857142856,37.25,-121.81,2.445
4.1947,26.0,4.974960876369327,1.1001564945226916,2142.0,3.352112676056338,37.53,-121.98,2.227
3.125,14.0,5.069868995633188,1.1120815138282387,2140.0,3.1149927219796214,33.25,-117.31,1.023
2.2804,42.0,3.828009828009828,1.1253071253071254,1227.0,3.0147420147420148,32.72,-117.14,1.391
3.4016,23.0,3.5763157894736843,1.1263157894736842,770.0,2.026315789473684,34.16,-118.33,2.346
3.5525,7.0,5.273611111111111,1.1805555555555556,2369.0,3.290277777777778,33.9,-117.57,1.376
4.6765,45.0,5.444067796610169,1.0169491525423728,735.0,2.4915254237288136,33.87,-118.13,1.984
3.5294,12.0,14.113821138211382,2.861788617886179,330.0,2.682926829268293,37.8,-119.07,1.607
3.35,36.0,4.2853535353535355,0.9949494949494949,1274.0,3.217171717171717,33.8,-118.25,1.631
1.3729,15.0,3.6039488966318234,1.1207897793263646,3061.0,3.5551684088269453,37.99,-121.31,1.103
1.7104,33.0,4.2091690544412605,1.0601719197707737,1318.0,3.7765042979942693,37.61,-121.02,0.59
3.3621,36.0,5.310064935064935,0.9788961038961039,2593.0,4.209415584415584,33.96,-118.09,1.697
2.8646,20.0,4.126719768283852,1.1542360608254887,3809.0,2.758146270818248,34.19,-118.48,2.211
5.0849,18.0,6.6207674943566595,1.0857787810383748,1279.0,2.8871331828442437,38.24,-122.61,1.885
4.2,35.0,4.372093023255814,0.9162790697674419,640.0,2.9767441860465116,33.91,-118.32,1.813
2.5208,17.0,6.396067415730337,1.3314606741573034,767.0,2.154494382022472,38.45,-120.55,0.991
1.725,31.0,5.158774373259053,1.2590529247910864,917.0,2.554317548746518,40.24,-123.68,0.543
2.6875,22.0,5.889688249400479,1.1894484412470023,1720.0,4.124700239808154,36.77,-119.69,0.606
4.6583,30.0,5.2742759795570695,1.06984667802385,1676.0,2.8551959114139693,33.93,-118.15,2.073
3.75,32.0,5.84070796460177,1.2831858407079646,959.0,8.486725663716815,33.74,-117.89,1.59
1.7451,23.0,3.6473477406679766,1.0589390962671905,2194.0,2.1552062868369353,38.6,-121.42,0.896
3.1142,12.0,5.5385915492957745,1.0822535211267605,4644.0,2.616338028169014,39.76,-121.83,1.126
2.8344,20.0,4.8730407523510975,1.115987460815047,1643.0,2.5752351097178683,38.79,-123.1,1.644
3.7313,13.0,4.696559503666102,1.0428652002256062,4126.0,2.327129159616469,34.21,-118.56,1.898
1.7159,25.0,4.56283185840708,1.1221238938053097,2082.0,3.6849557522123892,32.99,-115.53,0.622
3.8214,36.0,5.897435897435898,1.0128205128205128,690.0,2.948717948717949,33.83,-117.95,2.109
1.7386,50.0,4.993174061433447,1.2081911262798635,912.0,3.112627986348123,34.01,-118.31,1.094
1.8793,38.0,5.744588744588745,1.1341991341991342,784.0,3.393939393939394,33.12,-115.52,0.608
3.5775,33.0,5.767857142857143,1.0482142857142858,1579.0,2.819642857142857,37.68,-121.01,1.097
3.085,32.0,4.433962264150943,1.009433962264151,1404.0,3.311320754716981,34.07,-118.13,2.205
5.1463,35.0,6.257028112449799,1.072289156626506,793.0,3.1847389558232932,34.2,-118.58,2.202
4.5721,24.0,5.339331619537275,0.9845758354755784,1488.0,3.8251928020565553,37.6,-122.03,2.147
2.175,47.0,4.373271889400922,0.967741935483871,574.0,2.6451612903225805,33.98,-118.32,1.147
5.6885,17.0,6.909923664122138,1.0946564885496184,2088.0,3.187786259541985,34.28,-119.18,2.682
3.1724,41.0,5.0625,1.0772058823529411,1142.0,4.198529411764706,34.03,-118.16,1.416
1.8095,25.0,4.170802919708029,0.9664233576642336,2076.0,3.0306569343065695,39.28,-121.64,0.641
4.1071,29.0,4.871254162042176,0.9689234184239733,2069.0,2.2963374028856824,33.79,-118.33,3.656
3.8036,33.0,4.216494845360825,0.9828178694158075,848.0,2.9140893470790377,37.65,-122.06,1.582
3.3995,30.0,3.84257602862254,1.0679785330948122,1341.0,2.3989266547406083,34.0,-118.43,3.24
2.4063,31.0,5.6,1.0266666666666666,429.0,2.86,37.73,-120.91,1.702
3.6107,13.0,5.261096605744125,0.9712793733681462,2248.0,2.9347258485639687,37.8,-121.0,1.413
2.7201,17.0,5.626118067978533,1.110912343470483,1432.0,2.5617173524150267,38.75,-120.63,1.175
3.6111,24.0,4.550295857988166,1.0059171597633136,842.0,1.660749506903353,37.5,-122.26,3.415
3.37,52.0,3.8282828282828283,1.0235690235690236,754.0,2.538720538720539,34.08,-118.32,3.303
5.1297,16.0,5.788461538461538,1.0502958579881656,1782.0,2.636094674556213,37.99,-122.11,2.067
2.7083,46.0,4.129251700680272,0.95578231292517,701.0,2.3843537414965987,34.09,-117.65,1.163
4.2224,6.0,6.3992673992674,1.0265567765567765,3660.0,3.3516483516483517,34.39,-117.27,1.257
1.191,52.0,7.69811320754717,1.490566037735849,521.0,3.2767295597484276,37.81,-122.3,0.761
6.8482,34.0,6.296724470134874,1.0366088631984585,1463.0,2.8188824662813103,34.17,-118.62,3.083
4.925,27.0,5.5,1.039877300613497,1016.0,3.1165644171779143,34.18,-118.65,2.403
2.9432,49.0,6.029315960912052,1.1596091205211727,849.0,2.765472312703583,38.1,-122.24,1.035
1.2012,27.0,4.322857142857143,1.0685714285714285,839.0,2.3971428571428572,36.32,-119.29,0.646
3.2243,20.0,4.936758893280633,1.0790513833992095,1185.0,2.341897233201581,38.65,-121.35,1.079
3.0288,40.0,5.125506072874494,1.040485829959514,547.0,2.214574898785425,38.13,-121.73,1.644
2.6129,52.0,5.777777777777778,1.0857142857142856,601.0,1.907936507936508,34.05,-117.18,1.37
4.2679,14.0,6.392592592592592,1.1185185185185185,315.0,2.3333333333333335,36.94,-119.61,1.518
4.2538,13.0,5.133645955451348,1.022274325908558,2560.0,3.0011723329425557,34.26,-118.4,1.543
4.8516,34.0,5.343434343434343,1.0782828282828283,972.0,2.4545454545454546,33.86,-118.12,2.136
4.3438,33.0,6.180769230769231,1.0846153846153845,608.0,2.3384615384615386,34.15,-117.3,1.15
11.0492,34.0,7.655765920826162,1.0499139414802066,2571.0,4.42512908777969,37.42,-122.16,5.00001
4.3438,42.0,3.8598130841121496,1.0,349.0,3.2616822429906542,34.16,-118.29,1.898
3.7361,23.0,5.352,1.042,1456.0,2.912,38.61,-122.87,1.737
1.695,39.0,2.4695121951219514,0.9939024390243902,686.0,4.182926829268292,33.96,-118.23,0.948
4.0924,37.0,4.990338164251208,1.0483091787439613,1031.0,2.4903381642512077,34.2,-118.51,1.884
5.0066,12.0,3.8,1.4666666666666666,69.0,4.6,34.13,-119.05,2.75
6.7927,17.0,7.122965641952984,0.9945750452079566,1694.0,3.0632911392405062,32.81,-117.06,2.347
3.0938,34.0,5.719557195571956,1.1383763837638377,1155.0,2.1309963099630997,35.14,-120.68,2.459
6.1025,26.0,6.566666666666666,1.095,1180.0,1.9666666666666666,32.84,-117.27,5.00001
5.5955,18.0,5.881266490765172,0.978891820580475,1283.0,3.3852242744063323,34.28,-118.72,2.177
4.5833,42.0,5.2810077519379846,1.1027131782945736,1115.0,2.1608527131782944,34.04,-118.43,4.275
2.5927,33.0,4.595419847328245,1.1297709923664123,1161.0,2.954198473282443,34.04,-118.33,1.615
3.1801,29.0,5.757183908045977,1.0057471264367817,1576.0,2.264367816091954,34.05,-117.17,1.493
2.3958,39.0,3.043956043956044,0.978021978021978,182.0,2.0,34.14,-118.23,1.75
4.0682,36.0,6.1193415637860085,1.0246913580246915,641.0,2.6378600823045266,37.67,-122.14,1.962
4.7853,7.0,4.383015597920277,1.194107452339688,1215.0,2.1057192374350087,34.1,-118.18,1.531
11.806,30.0,8.838842975206612,1.0743801652892562,742.0,3.0661157024793386,37.37,-122.13,5.00001
3.2353,16.0,4.40282131661442,1.109717868338558,1260.0,1.974921630094044,33.66,-118.0,2.529
4.0658,25.0,5.788643533123029,1.0157728706624605,1815.0,2.862776025236593,34.06,-117.15,1.274
4.0179,18.0,4.442906574394463,0.9792387543252595,990.0,3.42560553633218,33.97,-118.36,1.958
5.4824,15.0,6.551051051051051,1.0360360360360361,2410.0,3.6186186186186187,34.0,-117.72,1.797
3.6154,52.0,5.616016427104722,1.1478439425051334,1076.0,2.209445585215606,38.06,-122.21,1.557
2.8512,43.0,5.545774647887324,1.1408450704225352,740.0,2.6056338028169015,37.69,-122.08,1.81
15.0001,26.0,12.5,1.25,17.0,4.25,37.13,-121.96,4.0
1.128,46.0,4.295454545454546,1.047077922077922,1684.0,2.7337662337662336,38.56,-121.5,1.231
6.7123,26.0,6.6767676767676765,1.0134680134680134,924.0,3.111111111111111,37.3,-122.02,3.546
3.7545,52.0,5.242774566473988,1.1194605009633911,1043.0,2.0096339113680153,37.75,-122.43,3.837
5.1104,26.0,5.5300668151447665,0.9175946547884187,1538.0,3.425389755011136,33.89,-118.06,2.205
1.8571,39.0,4.914342629482071,1.0537848605577689,1433.0,2.854581673306773,39.91,-122.19,0.535
3.1667,36.0,4.6318407960199,0.7960199004975125,746.0,3.711442786069652,34.05,-117.97,1.58
3.0714,31.0,4.231378763866878,1.0491283676703644,1535.0,2.4326465927099843,34.04,-118.44,3.478
5.2595,20.0,6.941684665226782,0.9632829373650108,1360.0,2.937365010799136,36.83,-119.76,1.109
2.3798,32.0,4.768067226890756,1.0369747899159665,1393.0,2.3411764705882354,33.96,-117.41,1.188
2.6652,22.0,4.152302243211334,0.9563164108618654,3134.0,3.7001180637544273,34.28,-118.4,1.648
2.8182,22.0,5.302040816326531,0.9836734693877551,1151.0,2.3489795918367347,39.76,-121.63,1.097
1.5474,44.0,4.674931129476584,1.137741046831956,1396.0,3.8457300275482096,32.71,-117.13,0.833
8.1988,16.0,7.338809034907597,0.9568788501026694,1503.0,3.086242299794661,37.23,-121.89,3.559
4.675,34.0,5.3486590038314175,0.9386973180076629,661.0,2.532567049808429,33.88,-117.9,2.154
2.0133,33.0,4.5974576271186445,1.0593220338983051,1425.0,3.0190677966101696,34.11,-117.23,0.783
7.0813,30.0,6.096774193548387,1.086021505376344,1197.0,3.217741935483871,37.3,-122.08,4.853
2.3,30.0,3.65,1.025,164.0,4.1,36.32,-121.26,2.063
4.1687,41.0,5.873333333333333,1.0466666666666666,738.0,2.46,33.79,-118.12,2.407
2.1734,34.0,4.6223776223776225,1.020979020979021,742.0,5.188811188811189,33.91,-118.23,0.882
4.1042,35.0,5.001865671641791,0.9477611940298507,1580.0,2.9477611940298507,37.69,-122.12,1.791
2.1875,13.0,5.5119760479041915,1.0,1606.0,2.404191616766467,34.41,-117.25,1.197
2.3929,11.0,4.912408759124087,1.0583941605839415,318.0,2.321167883211679,38.09,-122.11,1.225
4.3523,17.0,6.681102362204724,1.0551181102362204,911.0,3.5866141732283463,32.99,-115.54,0.96
2.1205,16.0,5.5799256505576205,1.0985130111524164,842.0,1.5650557620817844,33.18,-117.28,1.573
3.117,37.0,4.87603305785124,1.0578512396694215,614.0,2.5371900826446283,33.96,-118.03,1.646
4.125,36.0,5.5875,0.990625,1139.0,3.559375,34.08,-117.93,1.858
2.4135,48.0,4.207407407407407,1.0740740740740742,559.0,4.140740740740741,34.18,-118.16,1.357
2.2813,41.0,4.512195121951219,1.056910569105691,1492.0,12.130081300813009,34.1,-117.71,1.25
1.6319,28.0,2.53232462173315,1.1127922971114168,3199.0,4.400275103163686,34.05,-118.21,1.516
4.7019,35.0,4.991769547325103,0.9094650205761317,790.0,3.251028806584362,37.63,-122.09,1.741
2.2083,52.0,4.8561872909699,1.0334448160535117,637.0,2.130434782608696,39.21,-121.06,1.039
4.6076,6.0,4.665773011617516,1.0875781948168006,2597.0,2.320822162645219,33.66,-117.64,2.04
4.2396,4.0,5.197530864197531,1.058641975308642,920.0,2.8395061728395063,36.35,-119.63,0.906
2.6354,27.0,3.493377483443709,1.1490066225165563,718.0,2.377483443708609,37.79,-122.27,1.875
2.7165,50.0,3.321965897693079,1.098294884653962,1475.0,1.4794383149448345,37.79,-122.43,5.00001
5.4138,2.0,8.930715935334874,1.3233256351039262,1275.0,2.9445727482678983,34.12,-117.17,1.644
2.5208,31.0,5.891156462585034,1.129251700680272,979.0,3.3299319727891157,36.54,-119.83,0.6
3.3545,24.0,4.25402144772118,1.0375335120643432,2945.0,1.9738605898123325,34.17,-118.4,2.215
7.9556,52.0,7.56,0.9927272727272727,684.0,2.4872727272727273,37.9,-122.27,3.744
4.9531,47.0,5.884097035040432,1.0242587601078168,927.0,2.498652291105121,33.99,-118.35,1.801
3.4634,37.0,5.505586592178771,0.9636871508379888,939.0,2.622905027932961,34.1,-117.66,1.453
3.3125,49.0,4.698581560283688,0.9822695035460993,764.0,2.7092198581560285,37.74,-122.15,1.18
3.2875,48.0,5.331230283911672,1.0694006309148265,962.0,3.034700315457413,37.72,-122.46,2.215
3.7974,40.0,6.016064257028113,1.1726907630522088,707.0,2.8393574297188753,34.26,-119.02,2.287
3.1691,16.0,3.27437641723356,1.0113378684807257,2329.0,5.2811791383219955,33.74,-117.88,1.594
6.2306,22.0,5.749478079331942,0.9958246346555324,1163.0,2.4279749478079333,37.59,-122.4,5.00001
1.7062,45.0,4.943502824858757,1.0480225988700564,847.0,2.3926553672316384,37.26,-121.0,0.774
4.2813,28.0,4.496428571428571,1.0785714285714285,668.0,2.3857142857142857,34.0,-118.47,3.844
3.7619,47.0,4.997361477572559,1.0765171503957784,1629.0,4.298153034300792,34.04,-118.2,1.276
9.1373,52.0,7.443478260869565,1.0,1102.0,3.1942028985507247,34.11,-118.13,5.00001
1.165,27.0,5.670588235294118,1.2901960784313726,594.0,2.3294117647058825,39.03,-122.66,0.533
6.7528,30.0,6.890374331550802,1.0802139037433156,1076.0,2.877005347593583,33.89,-117.94,4.596
4.6932,4.0,5.2601377199693955,1.1009946442234124,2889.0,2.2104055087987757,37.76,-121.94,3.561
3.3516,33.0,6.913461538461538,1.1394230769230769,569.0,2.735576923076923,37.64,-121.05,1.5
5.806,25.0,5.4858934169279,1.0689655172413792,999.0,3.1316614420062696,37.4,-122.08,3.087
4.3909,52.0,5.60091743119266,1.0298165137614679,1188.0,2.7247706422018347,37.74,-122.49,3.177
3.101,29.0,4.004744958481614,1.0462633451957295,1513.0,1.7947805456702255,32.8,-117.24,2.382
4.2404,52.0,4.442477876106195,1.0221238938053097,590.0,2.6106194690265485,34.05,-118.38,3.51
4.8988,13.0,5.113243761996161,0.9942418426103646,1468.0,2.817658349328215,34.32,-118.47,3.252
8.6499,4.0,7.236059479553903,1.0325278810408922,5495.0,2.5534386617100373,34.19,-118.8,5.00001
2.4722,52.0,2.767871485943775,1.0923694779116466,1768.0,1.4200803212851405,34.06,-118.35,5.00001
5.1269,6.0,4.973083197389886,1.0358890701468189,2678.0,2.1843393148450243,33.76,-118.3,2.852
3.407,33.0,4.401854714064915,0.990726429675425,2319.0,3.5842349304482224,33.89,-118.15,1.908
6.1481,11.0,7.095238095238095,1.034798534798535,1672.0,3.062271062271062,32.8,-116.8,2.746
6.1985,38.0,6.773006134969325,1.3251533742331287,415.0,2.5460122699386503,33.96,-118.43,4.22
1.06,31.0,3.5792682926829267,1.0975609756097562,1161.0,3.5396341463414633,34.54,-117.3,0.565
3.6287,4.0,3.9006226053639845,1.09794061302682,7604.0,1.8208812260536398,32.86,-117.22,2.808
5.065,27.0,5.766871165644171,1.0235173824130879,3538.0,3.61758691206544,34.04,-118.02,2.154
2.7473,32.0,4.739413680781759,1.0439739413680782,2011.0,3.275244299674267,34.11,-117.25,0.708
2.4234,32.0,5.0543657331136735,1.0345963756177925,1897.0,3.125205930807249,35.33,-119.01,0.637
2.3125,18.0,13.440677966101696,2.5084745762711864,186.0,3.152542372881356,39.0,-122.7,1.625
2.4,28.0,4.508403361344538,1.0126050420168067,652.0,2.7394957983193278,38.44,-122.73,1.462
2.4421,9.0,3.3449931412894376,1.0205761316872428,4486.0,3.0768175582990396,34.14,-118.24,2.221
6.0488,26.0,5.826797385620915,0.9738562091503268,1048.0,3.4248366013071894,33.82,-117.88,2.32
5.1874,42.0,5.934640522875817,1.1045751633986929,897.0,2.9313725490196076,33.89,-118.33,2.308
3.5292,36.0,3.7252559726962455,1.0332764505119454,1912.0,1.6313993174061434,33.77,-118.15,3.618
1.6509,45.0,5.332541567695962,1.0641330166270784,1155.0,2.7434679334916865,41.43,-122.38,0.462
6.0873,19.0,6.586142322097379,1.0664794007490637,2824.0,2.644194756554307,33.46,-117.65,2.773
4.5699,36.0,5.598173515981735,0.9634703196347032,711.0,3.2465753424657535,33.92,-118.09,1.708
3.2857,37.0,5.12,1.1511111111111112,981.0,4.36,33.89,-118.08,1.536
3.7092,17.0,5.141287284144427,0.9403453689167975,2422.0,3.802197802197802,34.4,-118.93,1.905
1.2989,25.0,2.9809322033898304,1.1652542372881356,1193.0,2.527542372881356,34.03,-118.28,2.25
2.375,31.0,2.5454545454545454,1.0,326.0,3.7045454545454546,34.26,-119.21,0.55
5.815,34.0,7.670411985018727,1.1835205992509363,780.0,2.9213483146067416,38.33,-122.26,3.392
4.0211,4.0,6.3704712612367205,1.1362026695723235,10493.0,2.8583492236447836,34.68,-118.09,1.44
2.9853,7.0,4.472945891783567,0.9819639278557114,1274.0,2.55310621242485,36.78,-119.86,0.747
10.6272,36.0,8.394190871369295,1.004149377593361,653.0,2.7095435684647304,37.94,-122.56,5.00001
2.5964,29.0,3.8279220779220777,1.0162337662337662,1255.0,4.074675324675325,34.07,-118.1,1.768
4.3882,52.0,5.125964010282776,1.038560411311054,1014.0,2.6066838046272496,37.31,-121.89,2.236
1.1835,30.0,3.3505050505050504,1.0686868686868687,1794.0,1.812121212121212,38.1,-122.26,1.333
2.1776,35.0,4.545263157894737,1.0357894736842106,1694.0,3.566315789473684,32.67,-115.5,0.755
1.3125,10.0,4.438356164383562,0.9680365296803652,773.0,3.529680365296804,33.94,-117.28,1.357
12.8879,28.0,7.703196347031963,1.0319634703196348,2431.0,2.7751141552511416,34.14,-118.51,5.00001
5.5849,15.0,5.885662431941924,1.0,1752.0,3.17967332123412,37.26,-121.83,2.574
4.2188,26.0,6.534883720930233,0.9488372093023256,627.0,2.916279069767442,39.12,-121.62,0.942
3.1012,34.0,3.6923076923076925,0.9467455621301775,1960.0,5.798816568047338,33.9,-118.18,1.404
6.2475,26.0,5.824561403508772,0.9590643274853801,980.0,2.865497076023392,37.34,-122.02,3.5
5.6163,27.0,6.515669515669516,1.0056980056980056,1140.0,3.247863247863248,33.83,-117.87,2.31
3.1204,32.0,4.596287703016241,1.0951276102088168,1371.0,3.1809744779582365,33.91,-118.14,2.042
4.475,33.0,5.170731707317073,1.016260162601626,1035.0,2.1036585365853657,34.16,-118.45,3.148
2.0542,46.0,4.422535211267606,1.0663983903420524,2067.0,4.158953722334004,33.99,-118.29,1.034
1.5556,42.0,4.290322580645161,1.0891840607210626,2496.0,4.7362428842504745,33.99,-118.25,0.985
6.7474,16.0,6.27653997378768,1.0694626474442988,1840.0,2.4115334207077326,37.55,-122.27,3.382
3.7143,34.0,4.694214876033058,1.1528925619834711,2164.0,4.471074380165289,34.21,-118.37,1.757
1.7165,30.0,4.345679012345679,1.0061728395061729,1184.0,3.654320987654321,36.54,-119.39,0.591
2.6893,26.0,5.355263157894737,1.005639097744361,1383.0,2.5996240601503757,34.45,-119.29,2.308
4.1775,4.0,5.495446265938069,1.0655737704918034,3527.0,3.2122040072859743,34.04,-117.49,1.437
2.8698,23.0,5.475471698113208,1.1018867924528302,1052.0,3.969811320754717,37.38,-120.73,0.729
2.4912,29.0,3.7248,1.1312,2304.0,1.8432,37.81,-122.25,2.578
3.46,32.0,6.8843137254901965,1.2666666666666666,1733.0,3.3980392156862744,34.71,-117.96,1.239
1.4063,51.0,4.446428571428571,1.0267857142857142,368.0,3.2857142857142856,34.06,-117.73,0.988
2.3516,21.0,4.540983606557377,0.9918032786885246,426.0,3.4918032786885247,35.97,-119.42,0.475
2.1487,44.0,4.944444444444445,1.0815972222222223,1408.0,2.4444444444444446,37.65,-120.99,0.866
2.875,16.0,4.808344198174707,1.0651890482398958,1969.0,2.5671447196870925,32.82,-116.77,2.229
3.875,35.0,5.546568627450981,1.0465686274509804,1001.0,2.4534313725490198,32.84,-117.19,1.72
3.3654,23.0,6.375,1.3356481481481481,887.0,2.053240740740741,39.31,-123.81,2.25
3.3882,44.0,7.325301204819277,1.3012048192771084,287.0,3.4578313253012047,38.02,-121.2,1.25
5.0062,30.0,5.715025906735751,1.116580310880829,2168.0,2.8082901554404147,37.27,-121.91,2.32
4.5221,36.0,5.26797385620915,0.9607843137254902,446.0,2.915032679738562,34.11,-117.89,1.513
3.1071,24.0,5.132075471698113,1.0566037735849056,442.0,4.169811320754717,36.28,-119.81,0.561
2.9643,48.0,5.02869757174393,1.0529801324503312,1219.0,2.6909492273730686,38.29,-122.3,1.54
6.4468,43.0,5.948198198198198,0.9256756756756757,1011.0,2.277027027027027,33.83,-118.19,4.442
6.3197,33.0,6.131578947368421,1.0382775119617225,1230.0,2.9425837320574164,37.31,-122.02,3.401
3.5,32.0,4.733918128654971,0.9444444444444444,1492.0,4.362573099415204,34.04,-118.04,1.651
3.7566,32.0,5.453389830508475,1.125,2609.0,5.5275423728813555,34.28,-118.41,1.467
4.0425,31.0,4.713833157338965,1.0464625131995775,2420.0,2.555438225976769,33.8,-118.31,2.779
3.0208,38.0,5.605664488017429,1.0544662309368191,1568.0,3.4161220043572986,34.0,-118.11,1.937
5.8788,12.0,7.780310880829015,1.0963730569948187,2484.0,2.5740932642487047,34.11,-118.84,5.00001
3.6629,30.0,6.3625,1.0666666666666667,757.0,3.154166666666667,37.58,-120.83,1.714
3.3333,52.0,5.286415711947627,1.0703764320785598,1765.0,2.888707037643208,37.73,-122.42,2.923
3.9219,35.0,4.76948051948052,0.9935064935064936,1285.0,4.172077922077922,34.03,-117.92,1.595
4.8542,17.0,6.537349397590361,1.0650602409638554,1475.0,3.5542168674698793,38.0,-121.87,1.441
5.6392,18.0,5.951644100580271,1.0348162475822051,3010.0,2.9110251450676983,34.26,-118.6,2.715
3.4228,7.0,4.466539196940727,1.0717017208413002,2534.0,2.4225621414913956,34.05,-117.3,1.157
4.875,30.0,4.206030150753769,1.07035175879397,606.0,3.0452261306532664,37.69,-122.47,2.588
7.9835,27.0,8.187817258883248,1.015228426395939,497.0,2.5228426395939088,34.09,-118.43,5.00001
5.4548,35.0,5.585714285714285,1.0285714285714285,425.0,3.0357142857142856,34.19,-118.56,2.014
2.1382,21.0,5.668498168498169,1.2472527472527473,1341.0,2.456043956043956,38.28,-120.65,1.04
5.7914,52.0,7.188888888888889,0.9722222222222222,434.0,2.411111111111111,32.76,-117.19,5.00001
3.4688,8.0,5.811145510835913,1.4829721362229102,884.0,2.736842105263158,38.85,-120.71,1.201
4.3158,49.0,5.478260869565218,1.0739130434782609,1435.0,2.079710144927536,34.04,-118.48,5.00001
6.822,41.0,4.982352941176471,1.0176470588235293,344.0,2.023529411764706,33.87,-118.43,5.00001
3.3816,36.0,4.76158940397351,1.0794701986754967,1649.0,2.1841059602649007,37.68,-122.4,2.534
4.2386,33.0,4.573770491803279,1.105263157894737,2243.0,1.9352890422778257,34.07,-118.39,5.00001
1.625,34.0,4.8259668508287294,1.091160220994475,935.0,2.5828729281767955,37.96,-120.24,0.794
5.8518,23.0,5.751807228915663,1.0072289156626506,1008.0,2.4289156626506023,33.87,-118.38,3.379
1.5429,24.0,2.9702380952380953,1.1770833333333333,1215.0,1.8080357142857142,34.1,-118.34,3.25
6.1085,52.0,6.415041782729805,0.9749303621169917,859.0,2.3927576601671308,37.92,-122.55,5.00001
3.8875,34.0,4.4673539518900345,0.993127147766323,650.0,2.2336769759450172,34.26,-118.47,1.992
2.9271,6.0,2.4880763116057234,0.9523052464228935,3157.0,5.019077901430842,33.75,-117.86,1.232
4.0,24.0,4.848066298342541,1.0082872928176796,952.0,2.6298342541436464,37.7,-122.17,2.026
3.2964,5.0,5.344444444444444,1.01,2242.0,2.491111111111111,38.68,-120.98,1.769
2.2,34.0,3.972972972972973,1.0304054054054055,1127.0,1.9037162162162162,38.62,-121.38,1.165
2.8214,40.0,3.7713178294573644,1.054263565891473,1257.0,4.872093023255814,33.98,-118.19,1.58
9.3586,32.0,7.129353233830845,0.9900497512437811,498.0,2.4776119402985075,37.36,-122.1,5.00001
6.1966,16.0,6.356495468277946,0.9516616314199395,2592.0,3.915407854984894,33.71,-117.9,2.605
2.8777,13.0,3.60875,1.06625,2197.0,2.74625,33.9,-118.35,2.079
2.325,52.0,4.4731457800511505,1.0792838874680306,837.0,2.1406649616368285,39.22,-121.06,1.097
4.2083,40.0,5.164133738601824,1.0516717325227964,1188.0,3.6109422492401215,33.88,-118.2,1.473
3.8534,32.0,5.599009900990099,1.0297029702970297,1156.0,2.8613861386138613,37.77,-120.96,1.576
5.529,36.0,5.334042553191489,1.1,1232.0,2.6212765957446806,34.22,-118.24,2.413
5.1048,37.0,5.3538461538461535,1.3076923076923077,673.0,1.7256410256410257,33.6,-117.91,5.00001
3.0348,20.0,5.325475285171103,1.0714828897338402,3107.0,2.3627376425855515,38.63,-121.32,1.505
6.1873,35.0,5.348432055749129,0.9860627177700348,816.0,2.843205574912892,34.24,-118.26,3.121
6.1464,34.0,6.309255079006772,1.0383747178329572,1267.0,2.860045146726862,34.25,-118.35,3.544
3.184,20.0,3.863888888888889,1.0916666666666666,856.0,2.3777777777777778,33.65,-117.92,2.2
2.2148,38.0,3.5160965794768613,1.1066398390342052,1939.0,1.9507042253521127,34.11,-118.33,4.383
1.3684,52.0,4.082644628099174,1.1694214876033058,475.0,1.962809917355372,38.44,-122.71,2.583
3.6765,42.0,4.3604651162790695,1.058139534883721,616.0,2.387596899224806,37.37,-122.04,2.528
1.9911,10.0,5.57566765578635,1.1483679525222552,1376.0,4.083086053412463,32.97,-115.52,0.675
2.5833,26.0,5.05511811023622,0.9409448818897638,820.0,3.2283464566929134,36.9,-119.98,0.623
4.733,36.0,5.239130434782608,0.9809782608695652,1008.0,2.739130434782609,34.1,-118.02,2.337
3.2833,9.0,9.628428927680797,2.117206982543641,825.0,2.057356608478803,33.7,-116.22,1.247
0.9914,10.0,3.637450199203187,1.0557768924302788,508.0,2.0239043824701195,36.68,-121.66,1.475
2.6648,33.0,6.4541984732824424,1.1755725190839694,792.0,3.0229007633587788,36.34,-121.24,1.646
3.4115,35.0,5.193548387096774,1.0099255583126552,1755.0,4.354838709677419,34.03,-117.96,1.504
4.5774,36.0,4.9614243323442135,0.9436201780415431,1173.0,3.4807121661721068,33.86,-117.93,1.821
5.1482,12.0,6.781582054309327,1.244391971664699,2104.0,2.4840613931523023,33.38,-117.63,5.00001
6.0516,29.0,6.9581395348837205,1.3116279069767443,463.0,2.1534883720930234,33.63,-117.95,5.00001
5.1416,24.0,5.944281524926686,1.0498533724340176,1405.0,4.120234604105572,33.75,-117.95,2.314
3.765,33.0,5.717889908256881,1.0412844036697249,1203.0,2.7591743119266057,37.97,-121.34,0.946
8.5621,23.0,7.329861111111111,1.0625,979.0,3.3993055555555554,33.89,-117.99,3.478
5.8578,21.0,8.652173913043478,1.062111801242236,1114.0,3.459627329192547,34.28,-118.76,2.663
4.2434,37.0,4.826732673267327,0.9356435643564357,489.0,2.4207920792079207,34.03,-118.44,3.31
1.8388,49.0,3.6518282988871222,1.206677265500795,1105.0,1.7567567567567568,33.77,-118.18,1.75
4.1548,32.0,5.222585924713584,1.0376432078559739,1718.0,2.811783960720131,33.79,-118.03,2.166
2.3156,51.0,3.963917525773196,1.0154639175257731,1173.0,3.0231958762886597,34.07,-117.76,1.098
4.7583,35.0,6.609427609427609,1.0437710437710437,919.0,3.0942760942760943,34.23,-118.48,2.586
2.0417,24.0,6.979910714285714,1.5044642857142858,1015.0,2.265625,39.08,-122.86,0.788
1.6029,32.0,3.4663461538461537,0.9855769230769231,842.0,4.048076923076923,33.95,-118.29,0.897
2.5588,20.0,2.5652173913043477,1.0434782608695652,69.0,3.0,33.78,-118.23,3.5
2.8676,30.0,6.205882352941177,1.2411764705882353,629.0,3.7,37.95,-121.22,0.769
3.4531,44.0,5.778801843317972,1.1612903225806452,498.0,2.294930875576037,37.98,-122.03,1.489
2.0455,52.0,3.8979591836734695,1.0612244897959184,106.0,2.163265306122449,35.39,-119.02,0.725
2.9708,27.0,5.494577006507592,1.123644251626898,1371.0,2.9739696312364425,36.04,-120.14,0.609
6.0878,39.0,7.266081871345029,1.1169590643274854,1072.0,3.134502923976608,34.13,-118.04,4.302
1.875,48.0,3.4025974025974026,0.9956709956709957,917.0,3.9696969696969697,32.7,-117.13,0.756
2.4267,35.0,3.55637707948244,0.9611829944547134,2101.0,3.8835489833641406,33.95,-118.2,1.515
4.625,25.0,5.952848722986247,1.0451866404715127,1668.0,3.2770137524557956,33.83,-118.03,2.296
1.6458,52.0,4.2924528301886795,1.0,429.0,2.0235849056603774,38.26,-121.51,0.528
3.3534,26.0,6.087096774193548,1.1548387096774193,1913.0,3.085483870967742,34.13,-117.24,0.989
4.0662,52.0,5.578125,1.046875,440.0,2.2916666666666665,37.74,-122.14,2.042
4.2891,48.0,4.448979591836735,0.9727891156462585,835.0,2.8401360544217686,34.13,-118.23,2.148
3.2937,25.0,4.746153846153846,1.0717948717948718,1678.0,4.302564102564102,36.77,-121.75,1.353
4.9946,10.0,5.6863636363636365,1.0272727272727273,1859.0,2.816666666666667,34.27,-118.67,2.046
5.0044,38.0,6.0251572327044025,1.2720125786163523,1332.0,2.0943396226415096,33.48,-117.76,3.812
3.275,32.0,5.5767790262172285,1.146067415730337,774.0,2.898876404494382,34.58,-118.1,1.035
4.7404,29.0,5.553225806451613,1.0241935483870968,2257.0,3.640322580645161,33.74,-117.98,2.075
5.3799,4.0,7.944629014396456,1.1877076411960132,5839.0,3.233111849390919,34.63,-118.22,2.224
2.6104,37.0,3.7071428571428573,1.1071428571428572,1838.0,1.8755102040816327,37.82,-122.26,1.931
4.0993,5.0,5.4324324324324325,0.9896049896049897,1490.0,3.0977130977130978,36.79,-119.69,0.83
3.9226,19.0,6.204946996466431,1.0,2357.0,2.7762073027090697,38.69,-121.23,1.487
3.6437,17.0,5.158730158730159,1.0738440303657695,2092.0,1.4437543133195307,37.85,-122.06,1.865
3.8427,35.0,5.471311475409836,1.0102459016393444,1196.0,2.4508196721311477,33.93,-118.11,2.835
4.7821,14.0,4.666666666666667,1.0882658359293873,2222.0,2.307372793354102,33.72,-118.04,1.694
3.0434,22.0,19.163120567375888,3.9361702127659575,1062.0,2.5106382978723403,34.24,-117.2,1.372
2.794,15.0,4.855824682814302,1.0369088811995386,1933.0,2.229527104959631,35.25,-120.69,2.625
3.4491,30.0,5.483478260869565,1.0834782608695652,1544.0,2.685217391304348,33.96,-117.38,1.338
3.9356,4.0,4.622317596566524,1.1748927038626609,1923.0,2.063304721030043,32.86,-117.2,2.67
5.2598,47.0,6.335106382978723,1.0425531914893618,867.0,2.3058510638297873,37.73,-122.48,3.715
3.5172,35.0,5.023880597014926,1.035820895522388,1242.0,3.707462686567164,33.8,-117.86,1.904
3.175,8.0,4.802056555269923,1.0077120822622108,1258.0,3.2339331619537277,38.02,-121.28,0.959
3.4,44.0,4.688235294117647,1.1441176470588235,832.0,2.447058823529412,34.18,-118.32,2.121
3.7891,33.0,5.917525773195877,1.063573883161512,1884.0,3.2371134020618557,32.73,-117.06,1.267
8.4614,18.0,5.558620689655172,0.9672413793103448,1310.0,2.2586206896551726,33.53,-117.76,3.919
4.0294,41.0,7.472527472527473,1.3763736263736264,987.0,2.7115384615384617,38.61,-122.82,2.017
1.869,43.0,5.966911764705882,1.0808823529411764,781.0,2.8713235294117645,36.76,-119.77,0.56
3.337,35.0,5.320537428023033,1.0307101727447217,1392.0,2.671785028790787,32.82,-117.2,1.723
1.6036,39.0,3.2510822510822512,0.8961038961038961,1010.0,4.372294372294372,34.01,-118.29,1.375
2.6146,43.0,5.634408602150538,1.0,302.0,3.247311827956989,36.73,-119.89,0.813
3.3966,42.0,4.940809968847352,1.0031152647975077,1829.0,2.8489096573208723,34.08,-118.11,2.432
3.6523,19.0,5.794819359236537,1.0620313565098842,3576.0,2.4376278118609407,38.64,-121.32,1.585
3.2011,20.0,4.00179211469534,1.0591397849462365,1915.0,3.431899641577061,33.78,-118.28,1.691
2.2208,15.0,7.362948960302457,1.4782608695652173,900.0,1.7013232514177694,33.68,-116.42,1.383
4.1708,33.0,4.664179104477612,1.0298507462686568,866.0,3.2313432835820897,33.89,-118.14,1.75
2.64,45.0,4.847494553376906,1.0588235294117647,1304.0,2.840958605664488,37.93,-122.34,1.121
2.9451,7.0,5.38984126984127,1.0622222222222222,5807.0,3.686984126984127,37.62,-120.97,1.278
4.125,37.0,5.525,0.975,612.0,2.55,32.63,-117.06,1.602
4.7276,7.0,6.173828125,1.021484375,2957.0,2.8876953125,38.73,-121.01,1.975
2.85,15.0,2.839517625231911,1.0009276437847867,2173.0,2.015769944341373,34.19,-118.58,1.875
3.3715,52.0,5.105882352941176,1.0070588235294118,1086.0,2.5552941176470587,37.77,-122.19,1.439
3.5313,15.0,4.516913319238901,1.0496828752642706,2300.0,2.431289640591966,33.78,-117.99,2.13
2.8418,26.0,3.5008,1.1152,2435.0,1.948,34.03,-118.41,3.273
10.0973,25.0,7.307420494699647,1.0,3392.0,2.9964664310954063,33.74,-118.35,5.00001
4.2216,17.0,5.606080634500992,1.0508922670191672,3362.0,2.2220753469927295,38.51,-121.54,2.179
4.0132,14.0,6.27327935222672,1.0506072874493928,1447.0,2.92914979757085,40.64,-122.08,1.412
2.0,44.0,5.053333333333334,1.0444444444444445,747.0,3.32,33.92,-118.25,0.926
2.3687,38.0,4.370967741935484,1.0080645161290323,1019.0,2.739247311827957,34.04,-118.35,1.468
2.4432,37.0,2.8667992047713717,0.9960238568588469,998.0,1.9840954274353877,34.09,-118.34,2.0
2.1136,40.0,3.5044510385756675,0.9940652818991098,1441.0,4.275964391691395,34.06,-118.2,1.118
2.1544,26.0,4.402409638554217,1.008433734939759,1976.0,2.3807228915662653,36.79,-119.76,0.728
2.7986,14.0,4.586837294332724,1.117001828153565,1814.0,3.316270566727605,33.75,-117.96,1.761
2.1441,22.0,4.193979933110368,1.112876254180602,3222.0,2.6939799331103678,32.61,-117.07,1.355
2.3924,35.0,5.271428571428571,1.0809523809523809,573.0,2.7285714285714286,37.73,-121.12,1.022
1.7696,18.0,3.7222222222222223,1.1245210727969348,1329.0,2.545977011494253,32.75,-117.11,1.031
4.8419,15.0,6.112259970457902,0.9394387001477105,2001.0,2.9556868537666174,32.83,-117.09,2.64
3.8661,6.0,5.924432081594808,1.1316643486323597,6085.0,2.8210477515067223,35.62,-120.67,1.681
2.6667,14.0,3.4956413449564137,1.0809464508094646,2729.0,3.398505603985056,34.21,-118.39,1.724
5.7871,24.0,6.184294871794871,1.0592948717948718,1972.0,3.16025641025641,33.61,-117.67,2.274
4.4453,22.0,5.548306148055207,1.070263488080301,4404.0,2.7628607277289836,33.72,-118.02,2.678
0.8691,18.0,4.036764705882353,1.0514705882352942,249.0,1.8308823529411764,38.78,-121.24,1.365
2.7181,23.0,4.8675,1.0225,866.0,2.165,38.63,-121.33,1.568
2.5893,21.0,6.081447963800905,1.1266968325791855,868.0,3.927601809954751,36.1,-119.06,0.636
5.3799,4.0,7.944629014396456,1.1877076411960132,5839.0,3.233111849390919,34.63,-118.22,2.224
3.1786,41.0,3.079136690647482,0.7985611510791367,585.0,4.2086330935251794,33.98,-118.17,1.321
2.0134,35.0,3.81728045325779,1.0594900849858357,2935.0,4.157223796033994,33.91,-118.19,1.324
7.4351,18.0,8.44836956521739,1.361413043478261,949.0,2.578804347826087,32.83,-117.24,4.457
5.8407,18.0,7.510416666666667,1.1125,1682.0,3.504166666666667,34.12,-117.64,2.029
4.1685,20.0,6.7006369426751595,1.178343949044586,745.0,2.372611464968153,38.8,-121.15,2.175
3.045,26.0,4.44364012409514,1.0723888314374355,3596.0,3.718717683557394,33.78,-117.91,1.84
4.0793,52.0,4.949799196787149,0.9819277108433735,1170.0,2.3493975903614457,37.76,-122.47,3.067
3.312,17.0,6.451757666417352,1.3904263275991025,3497.0,2.6155572176514585,33.72,-116.37,1.213
3.625,25.0,5.329136690647482,0.9928057553956835,1162.0,2.0899280575539567,32.8,-117.08,1.845
2.5417,50.0,6.473087818696884,1.141643059490085,837.0,2.3711048158640224,40.78,-124.16,0.854
6.6199,18.0,6.666201117318436,1.0377094972067038,1970.0,2.7513966480446927,32.96,-117.25,4.062
4.5491,43.0,5.984848484848484,1.0454545454545454,657.0,3.3181818181818183,34.12,-118.01,2.148
0.9011,50.0,6.229508196721311,1.5573770491803278,377.0,3.0901639344262297,37.81,-122.29,0.861
1.125,31.0,3.7004160887656035,1.1262135922330097,1398.0,1.9389736477115118,37.96,-121.3,1.104
3.4609,35.0,5.234567901234568,1.017283950617284,1375.0,3.3950617283950617,34.1,-118.01,1.663
1.3047,41.0,5.6389891696750905,1.1624548736462095,927.0,3.3465703971119134,36.72,-119.79,0.441
4.4091,37.0,5.4171597633136095,1.0532544378698225,925.0,2.7366863905325443,33.93,-118.33,1.484
1.875,48.0,8.8,2.013793103448276,358.0,2.4689655172413794,39.56,-120.92,0.666
3.0568,41.0,5.95320197044335,1.0714285714285714,973.0,2.396551724137931,35.38,-118.96,0.856
3.4009,22.0,6.2148337595907925,1.0664961636828645,1292.0,3.3043478260869565,37.76,-121.25,1.824
4.7094,14.0,5.2707296849087895,1.060530679933665,4741.0,1.9655887230514095,37.92,-122.05,2.347
2.4726,15.0,5.180576631259484,1.0007587253414265,3002.0,2.2776934749620636,39.15,-121.07,1.434
3.4375,52.0,3.9271781534460337,1.0949284785435631,1294.0,1.682704811443433,37.79,-122.43,5.00001
4.775,52.0,6.535603715170279,0.9597523219814241,772.0,2.390092879256966,38.11,-122.24,1.482
2.9821,31.0,5.936619718309859,1.204225352112676,1504.0,3.5305164319248825,33.92,-117.5,1.156
2.6322,10.0,4.9916142557651995,0.9517819706498952,1323.0,2.7735849056603774,33.73,-117.16,1.407
2.1458,22.0,3.0782608695652174,1.0521739130434782,530.0,4.608695652173913,36.72,-119.78,0.344
2.3864,30.0,5.527896995708154,1.0171673819742488,720.0,3.0901287553648067,37.51,-120.96,1.391
5.2131,27.0,6.51207729468599,1.0367149758454106,2723.0,2.6309178743961352,37.71,-122.1,2.525
1.8185,23.0,4.026785714285714,1.0267857142857142,1322.0,3.9345238095238093,34.97,-120.54,0.978
4.0,30.0,3.6875,0.875,400.0,3.5714285714285716,34.28,-119.16,2.192
2.096,34.0,2.466893039049236,0.99830220713073,1987.0,3.3735144312393888,34.05,-118.3,1.875
1.3801,36.0,4.5664160401002505,1.1253132832080202,930.0,2.330827067669173,40.68,-122.35,0.566
6.1092,20.0,6.8161764705882355,0.9975490196078431,1242.0,3.0441176470588234,33.71,-117.95,3.065
3.8194,34.0,5.034129692832765,1.0887372013651877,698.0,2.3822525597269624,33.93,-117.94,1.86
2.35,15.0,6.337175792507205,1.3054755043227666,899.0,2.590778097982709,37.7,-118.45,1.078
4.7813,35.0,4.678861788617886,1.008130081300813,809.0,3.2886178861788617,33.9,-118.1,1.6
2.4234,28.0,3.0234798314268514,1.053582179409994,2558.0,1.5400361228175798,37.83,-122.25,2.185
2.7759,30.0,4.167619047619048,1.059047619047619,2727.0,5.194285714285714,33.83,-118.08,1.368
4.0326,34.0,5.22258064516129,0.9451612903225807,1148.0,3.703225806451613,37.63,-122.08,1.647
1.7938,41.0,3.996219281663516,1.1568998109640831,2357.0,4.455576559546314,33.79,-118.19,1.426
6.6537,32.0,6.330917874396135,0.9951690821256038,1285.0,3.103864734299517,34.24,-118.48,2.676
3.1696,18.0,5.1647727272727275,1.125,661.0,3.7556818181818183,38.65,-121.43,0.774
3.32,27.0,5.4832962138084635,1.0779510022271714,852.0,1.8975501113585747,36.8,-119.79,1.247
2.9688,22.0,5.987261146496815,1.1464968152866242,743.0,2.3662420382165603,41.68,-123.91,1.527
4.218,52.0,5.396761133603239,1.04251012145749,1362.0,2.757085020242915,37.78,-122.48,3.938
3.4833,23.0,4.259933774834437,1.1390728476821192,1478.0,2.447019867549669,33.79,-118.14,2.094
2.2174,38.0,3.517175572519084,1.0782442748091603,1449.0,2.765267175572519,34.16,-118.14,2.154
3.7614,37.0,3.9411764705882355,1.0529411764705883,1008.0,2.9647058823529413,34.0,-118.43,3.143
2.996,22.0,7.247058823529412,1.4352941176470588,1045.0,2.458823529411765,38.93,-120.01,1.261
8.0074,18.0,7.993911719939117,1.0441400304414004,1870.0,2.8462709284627095,37.85,-122.12,4.541
3.3333,52.0,5.286415711947627,1.0703764320785598,1765.0,2.888707037643208,37.73,-122.42,2.923
4.0268,36.0,5.0847784200385355,1.0269749518304432,1209.0,2.3294797687861273,37.7,-122.18,2.055
1.9241,38.0,3.9356223175965663,1.0987124463519313,494.0,2.1201716738197427,32.64,-117.08,1.5
2.0577,12.0,6.372727272727273,1.1818181818181819,434.0,3.9454545454545453,33.79,-116.89,0.567
2.9406,24.0,5.1160092807424595,1.0893271461716938,2362.0,2.7401392111368907,36.77,-119.73,0.73
3.4083,34.0,4.7282229965156795,1.0801393728222997,1042.0,3.6306620209059233,33.98,-118.1,1.567
1.7875,24.0,3.5335276967930027,1.0670553935860059,1202.0,3.5043731778425657,37.96,-121.3,0.768
3.0864,29.0,6.16751269035533,1.1370558375634519,1087.0,2.7588832487309647,38.62,-121.32,1.779
1.8224,44.0,3.7506702412868633,1.03485254691689,1419.0,3.804289544235925,34.04,-118.2,1.438
6.0441,35.0,6.633507853403142,1.130890052356021,521.0,2.7277486910994764,33.88,-118.39,4.7
2.2708,26.0,3.947058823529412,1.080392156862745,664.0,1.3019607843137255,33.77,-118.08,0.675
3.9612,39.0,5.3042071197411005,0.970873786407767,988.0,3.197411003236246,33.97,-118.06,1.758
8.1078,26.0,6.599526066350711,0.990521327014218,1221.0,2.8933649289099526,37.35,-122.02,3.657
3.5292,36.0,3.7252559726962455,1.0332764505119454,1912.0,1.6313993174061434,33.77,-118.15,3.618
3.5057,36.0,5.544117647058823,1.0252100840336134,1111.0,2.3340336134453783,37.94,-122.07,2.051
3.875,35.0,4.604026845637584,0.9530201342281879,480.0,3.221476510067114,37.66,-122.1,1.621
1.275,46.0,3.7510917030567685,1.0232896652110626,2446.0,3.5604075691411934,33.99,-118.28,0.983
3.8125,14.0,5.941838649155723,1.0337711069418387,1787.0,3.352720450281426,38.65,-121.46,0.926
6.2384,25.0,6.656200941915228,1.0094191522762952,1885.0,2.9591836734693877,34.03,-117.8,2.476
2.2083,44.0,8.280701754385966,1.4210526315789473,206.0,3.6140350877192984,32.8,-115.73,0.938
2.7621,33.0,4.745033112582782,0.9867549668874173,824.0,2.728476821192053,37.67,-120.98,1.091
2.7401,24.0,4.08816120906801,1.0503778337531486,911.0,2.2947103274559195,32.82,-117.17,1.981
3.7585,18.0,5.618263473053892,1.125748502994012,1454.0,2.1766467065868262,38.58,-122.59,1.857
4.1389,39.0,5.010204081632653,1.010204081632653,1108.0,3.7687074829931975,33.97,-118.09,1.66
3.89,7.0,4.689458689458689,0.9943019943019943,1911.0,2.7222222222222223,38.34,-121.96,1.403
5.1773,52.0,6.358558558558559,1.0342342342342343,1177.0,2.120720720720721,37.84,-122.24,3.895
4.2569,52.0,4.898128898128898,1.0415800415800416,909.0,1.8898128898128899,37.76,-122.43,4.554
4.7931,36.0,5.462585034013605,1.0816326530612246,889.0,3.0238095238095237,34.1,-118.05,2.726
4.0174,28.0,5.028056112224449,1.0681362725450902,2846.0,2.8517034068136273,37.28,-121.96,2.739
4.7216,41.0,5.7967914438502675,0.9545454545454546,1171.0,3.1310160427807485,33.69,-118.33,3.119
3.115,23.0,6.648936170212766,1.3670212765957446,437.0,2.324468085106383,37.9,-122.71,2.426
1.2024,36.0,5.749034749034749,1.277992277992278,838.0,3.2355212355212357,38.04,-121.9,0.902
2.6625,36.0,3.8871473354231973,0.9717868338557993,577.0,1.8087774294670846,32.74,-117.25,2.482
0.957,52.0,2.709016393442623,1.2950819672131149,392.0,1.6065573770491803,40.8,-124.17,0.6
2.1766,24.0,3.690883190883191,1.0527065527065527,3243.0,4.619658119658119,36.68,-121.63,1.085
5.4074,16.0,7.076923076923077,1.0512820512820513,495.0,3.173076923076923,38.24,-122.03,1.577
5.7451,17.0,5.482926829268293,0.9121951219512195,553.0,2.6975609756097563,32.83,-117.22,2.373
0.9946,30.0,3.3317073170731706,1.1219512195121952,920.0,2.2439024390243905,33.91,-118.08,1.599
3.5403,26.0,5.159914712153518,1.1343283582089552,1383.0,2.9488272921108742,33.94,-117.42,1.135
5.6197,3.0,7.465875370919881,1.2729970326409497,781.0,2.3175074183976263,33.49,-117.64,2.716
2.4607,32.0,4.287515762925599,1.0416141235813368,3017.0,3.8045397225725095,33.97,-118.07,1.556
3.1507,6.0,4.838483146067416,1.1896067415730338,2467.0,3.4648876404494384,33.91,-118.16,1.44
1.8162,50.0,3.5025641025641026,0.9692307692307692,459.0,2.353846153846154,37.64,-120.99,0.7
4.218,52.0,5.396761133603239,1.04251012145749,1362.0,2.757085020242915,37.78,-122.48,3.938
2.5268,19.0,4.48488241881299,1.0884658454647256,1896.0,2.1231802911534157,37.94,-122.06,2.357
2.567,18.0,5.022556390977444,1.0018796992481203,1151.0,2.1635338345864663,39.79,-121.6,1.029
4.9643,36.0,5.118367346938776,0.9346938775510204,629.0,2.5673469387755103,34.21,-118.5,2.361
3.4228,7.0,4.466539196940727,1.0717017208413002,2534.0,2.4225621414913956,34.05,-117.3,1.157
4.3672,4.0,5.81283422459893,1.2281639928698753,926.0,1.6506238859180036,33.12,-117.21,2.589
6.4696,10.0,7.217391304347826,0.9710144927536232,1700.0,3.5196687370600412,32.97,-117.13,2.495
5.7059,33.0,5.925093632958801,1.0187265917602997,809.0,3.0299625468164795,37.36,-121.98,2.872
3.1382,14.0,4.956442831215971,1.0490018148820326,1109.0,2.0127041742286753,37.31,-121.81,1.397
8.4438,16.0,7.512195121951219,1.0,1902.0,3.313588850174216,34.22,-118.64,3.9
2.5812,14.0,5.488958990536277,1.2334384858044165,850.0,2.6813880126182967,35.6,-117.66,0.917
2.8042,35.0,3.895017793594306,1.0800711743772242,1193.0,2.122775800711744,37.34,-121.91,2.409
2.8795,44.0,5.802816901408451,1.1661971830985915,819.0,2.307042253521127,36.33,-119.3,0.77
2.9438,18.0,4.97923197492163,1.052115987460815,7009.0,2.746473354231975,35.33,-119.05,0.872
1.6444,16.0,3.217506631299735,1.0596816976127321,1505.0,1.9960212201591512,32.75,-117.1,1.034
4.25,43.0,4.176470588235294,0.9558823529411765,167.0,2.4558823529411766,33.82,-118.18,2.075
3.5179,12.0,5.021396396396397,1.045045045045045,2471.0,2.7826576576576576,33.04,-117.28,2.527
3.9674,52.0,4.542253521126761,1.0746478873239436,1559.0,2.195774647887324,34.09,-118.27,2.688
4.0385,12.0,4.565573770491803,0.9815573770491803,1122.0,2.2991803278688523,33.67,-117.99,3.5
1.2813,42.0,3.896103896103896,1.0346320346320346,506.0,2.1904761904761907,38.56,-121.49,0.875
4.0313,32.0,6.104166666666667,1.1302083333333333,1066.0,2.7760416666666665,38.27,-122.69,2.85
2.1696,36.0,4.1675,1.15,2881.0,3.60125,34.09,-118.16,1.708
4.1136,30.0,4.145009416195857,1.0527306967984935,1194.0,2.248587570621469,34.12,-118.07,2.799
2.4286,33.0,5.674285714285714,1.062857142857143,556.0,3.177142857142857,37.34,-120.3,1.036
5.7764,18.0,5.7700119474313025,1.025089605734767,4336.0,2.5902031063321385,33.76,-118.3,2.905
6.6779,5.0,7.507177033492823,0.9521531100478469,713.0,3.411483253588517,38.3,-122.03,2.239
2.2708,26.0,3.947058823529412,1.080392156862745,664.0,1.3019607843137255,33.77,-118.08,0.675
3.4643,16.0,5.072423398328691,1.0027855153203342,969.0,2.6991643454039,40.31,-120.49,0.851
3.7045,30.0,4.596928982725528,1.0844529750479845,1214.0,2.330134357005758,33.94,-117.99,2.123
8.2831,22.0,7.058988764044944,1.0449438202247192,6897.0,2.7676565008025684,33.75,-118.42,5.00001
3.2689,31.0,4.409298780487805,1.0510670731707317,2973.0,2.2660060975609757,37.73,-122.27,2.31
4.2599,35.0,6.154166666666667,1.0263888888888888,2304.0,3.2,34.41,-118.9,2.091
4.4375,29.0,6.5762081784386615,1.104089219330855,703.0,2.613382899628253,34.41,-119.73,3.5
2.1875,22.0,4.552,1.056,542.0,4.336,36.93,-121.67,1.875
3.2813,28.0,5.144846796657381,1.0055710306406684,1999.0,2.784122562674095,34.1,-117.91,1.811
3.1795,32.0,4.889830508474576,1.0084745762711864,1509.0,2.557627118644068,33.93,-117.42,1.256
3.5982,15.0,4.462562396006655,0.9966722129783694,1520.0,2.529118136439268,38.01,-121.35,0.944
4.375,29.0,5.481389578163772,1.1017369727047146,952.0,2.3622828784119108,34.2,-118.32,3.412
2.3333,18.0,4.586991869918699,1.021138211382114,1636.0,2.6601626016260163,39.39,-123.34,0.84
1.4063,22.0,4.1732776617954075,1.0375782881002087,1304.0,2.722338204592902,33.94,-116.96,0.819
2.1468,33.0,3.2033898305084745,1.0593220338983051,1615.0,4.562146892655368,33.99,-118.2,1.417
3.5395,24.0,5.140350877192983,1.0315789473684212,1448.0,2.5403508771929824,37.66,-120.97,1.279
2.5625,52.0,4.947368421052632,1.063157894736842,578.0,2.0280701754385966,36.62,-121.92,2.354
1.8801,26.0,4.634464751958225,1.0861618798955615,1217.0,3.177545691906005,36.42,-119.1,0.576
1.9811,16.0,6.10472972972973,1.1689189189189189,587.0,1.9831081081081081,34.19,-118.96,1.625
1.3952,41.0,4.459882583170255,1.0528375733855186,1908.0,3.7338551859099804,36.06,-119.02,0.431
2.7234,44.0,5.810218978102189,1.0602189781021898,1399.0,2.552919708029197,38.01,-121.8,1.102
2.1705,23.0,5.133333333333334,1.0777777777777777,261.0,2.9,39.5,-122.19,0.53
3.1953,15.0,5.178571428571429,1.1717687074829932,1340.0,2.2789115646258504,36.8,-119.72,0.857
1.7847,23.0,4.423841059602649,1.0368968779564807,2770.0,2.620624408703879,33.75,-116.95,1.095
5.3167,21.0,5.846153846153846,0.9857549857549858,933.0,2.658119658119658,37.33,-122.05,4.163
2.1484,19.0,5.235973597359736,1.118811881188119,2204.0,3.636963696369637,33.75,-117.31,1.292
1.8929,30.0,2.96875,1.0477941176470589,1245.0,2.2886029411764706,34.14,-118.25,1.969
3.2798,45.0,4.066202090592334,1.0522648083623694,773.0,2.6933797909407664,33.85,-118.19,1.503
3.1053,37.0,5.4476744186046515,1.0445736434108528,1574.0,3.050387596899225,38.08,-122.22,0.967
2.375,41.0,2.1467391304347827,0.8913043478260869,549.0,2.983695652173913,37.33,-121.88,1.75
6.0487,24.0,7.207079646017699,1.0300884955752212,1834.0,3.2460176991150442,34.26,-118.78,2.545
6.4223,52.0,6.340163934426229,1.0635245901639345,1309.0,2.682377049180328,34.18,-118.13,3.109
6.0389,5.0,8.75,1.2564102564102564,591.0,3.7884615384615383,37.7,-121.44,2.151
3.495,49.0,4.143176733780761,0.959731543624161,1615.0,3.6129753914988814,37.71,-122.41,2.178
3.015,39.0,4.031339031339031,1.0512820512820513,1467.0,4.17948717948718,34.11,-118.25,1.563
3.0444,36.0,4.559748427672956,1.0817610062893082,1087.0,2.2788259958071277,38.46,-122.71,1.672
2.1979,8.0,5.642380708055413,1.1313494099538224,5060.0,2.5962031811185224,33.79,-116.95,0.953
3.2413,31.0,5.062374245472837,1.0583501006036218,2194.0,4.414486921529175,34.06,-117.97,1.555
4.8953,21.0,5.395806028833552,0.9855832241153342,2001.0,2.622542595019659,36.98,-121.88,2.895
3.4141,41.0,5.027027027027027,1.0324324324324323,463.0,2.502702702702703,37.99,-121.29,0.906
3.95,40.0,5.517571884984026,0.987220447284345,932.0,2.977635782747604,34.02,-118.11,2.102
3.1635,34.0,5.767650834403081,1.0757381258023107,2335.0,2.9974326059050065,34.52,-117.3,0.743
0.6831,37.0,3.904831625183016,0.9824304538799414,2865.0,4.194729136163982,33.95,-118.23,0.875
2.2643,52.0,2.2651757188498403,1.0511182108626198,388.0,1.2396166134185302,33.97,-118.5,3.5
2.125,28.0,5.007017543859649,1.0666666666666667,692.0,2.4280701754385965,40.53,-122.39,0.808
1.9932,29.0,4.32994923857868,1.0532994923857868,990.0,2.512690355329949,38.47,-122.72,1.648
4.0298,5.0,4.531128404669261,1.0544747081712063,1213.0,2.359922178988327,32.64,-117.04,2.256
1.3125,10.0,4.438356164383562,0.9680365296803652,773.0,3.529680365296804,33.94,-117.28,1.357
1.0486,31.0,5.974522292993631,1.515923566878981,425.0,2.7070063694267517,41.32,-123.85,0.367
3.3438,50.0,5.102787456445993,1.024390243902439,1931.0,3.3641114982578397,34.13,-118.2,1.736
3.4598,11.0,5.588410104011887,1.0029717682020802,2374.0,3.527488855869242,37.0,-120.09,0.746
3.1625,24.0,6.572972972972973,1.5621621621621622,421.0,2.2756756756756755,38.94,-119.99,1.036
6.8469,36.0,8.734265734265735,1.1118881118881119,362.0,2.5314685314685317,38.6,-121.38,4.464
4.325,43.0,5.028455284552845,0.9878048780487805,776.0,3.154471544715447,33.9,-118.1,1.66
7.912,26.0,7.209068010075566,0.9924433249370277,1030.0,2.5944584382871536,37.72,-122.13,3.673
8.7172,32.0,7.693430656934306,1.1277372262773722,769.0,2.8065693430656933,34.16,-118.48,5.00001
2.0216,17.0,4.581967213114754,1.1065573770491803,560.0,2.2950819672131146,37.09,-121.02,1.125
2.5714,43.0,4.9393939393939394,0.9772727272727273,1322.0,2.503787878787879,37.98,-121.27,0.7
2.9926,25.0,4.634490238611714,1.0466377440347072,2946.0,3.195227765726681,33.74,-117.91,1.832
5.844,26.0,6.334876543209877,0.9830246913580247,2072.0,3.197530864197531,33.82,-118.04,2.739
2.7694,17.0,3.8629715165511933,1.1077752117013087,3069.0,2.3625866050808315,37.65,-122.08,1.619
4.7778,6.0,7.358227848101266,1.1493670886075948,2275.0,2.8797468354430378,34.5,-118.26,3.404
6.4001,16.0,6.131661442006269,0.9780564263322884,671.0,2.103448275862069,34.14,-118.83,3.218
2.1979,46.0,4.174863387978142,1.0683060109289617,933.0,2.5491803278688523,34.02,-118.33,1.257
3.244,38.0,4.494949494949495,1.0101010101010102,481.0,2.4292929292929295,37.71,-122.17,1.798
6.5745,35.0,5.698717948717949,1.0576923076923077,732.0,2.3461538461538463,33.89,-118.38,3.793
2.875,41.0,4.064,1.048,1176.0,3.136,34.19,-118.34,1.924
3.8869,10.0,7.104854368932039,1.2621359223300972,1476.0,2.8660194174757283,33.68,-117.23,1.259
4.4375,39.0,4.888111888111888,1.048951048951049,358.0,2.5034965034965033,34.25,-118.27,1.958
2.1607,34.0,5.022082018927445,1.1482649842271293,950.0,2.996845425867508,40.78,-124.18,0.67
4.7367,14.0,5.9375,1.0915697674418605,2129.0,3.0944767441860463,32.74,-116.76,2.145
3.7167,17.0,5.034129692832765,1.0511945392491469,549.0,1.8737201365187712,32.8,-117.05,1.804
9.2225,42.0,6.193236714975845,1.1111111111111112,913.0,2.2053140096618358,34.07,-118.46,5.00001
5.2131,48.0,6.658307210031348,1.0,785.0,2.4608150470219434,34.11,-118.12,3.596
3.6,24.0,5.351648351648351,0.9945054945054945,1286.0,3.532967032967033,34.07,-117.71,1.393
6.2642,48.0,5.9798994974874375,0.914572864321608,497.0,2.4974874371859297,37.73,-122.49,4.385
4.2679,36.0,5.373134328358209,1.0,719.0,3.5771144278606966,33.91,-118.1,1.758
1.7083,11.0,7.976744186046512,1.4767441860465116,246.0,2.86046511627907,38.95,-122.63,0.773
2.1429,43.0,3.2742382271468142,1.0969529085872576,1359.0,1.8822714681440442,37.8,-122.25,2.5
6.1922,29.0,6.7465753424657535,1.0,2634.0,2.5772994129158513,37.94,-122.09,2.732
5.4351,29.0,5.357142857142857,0.9714285714285714,816.0,2.3314285714285714,37.38,-122.05,3.365
3.9519,17.0,4.510128913443831,0.9871086556169429,1157.0,2.130755064456722,38.0,-122.51,2.742
2.4931,32.0,4.316363636363636,1.0981818181818181,1003.0,3.6472727272727274,33.82,-117.9,1.669
4.97,52.0,6.685064935064935,1.12012987012987,800.0,2.5974025974025974,37.57,-122.35,5.00001
2.2596,40.0,3.6346604215456675,0.9812646370023419,1919.0,4.494145199063232,34.01,-118.16,1.375
3.0726,52.0,5.233830845771144,1.1890547263681592,381.0,1.8955223880597014,32.75,-117.17,2.896
2.3973,10.0,4.718220338983051,1.1864406779661016,1140.0,2.4152542372881354,37.69,-122.12,1.673
3.2174,15.0,7.370967741935484,1.4475806451612903,955.0,3.850806451612903,32.68,-117.05,1.651
2.3851,25.0,5.001733102253033,1.0103986135181975,2327.0,4.032928942807626,33.92,-117.39,1.137
2.5625,49.0,4.615384615384615,0.8461538461538461,76.0,5.846153846153846,34.1,-117.3,0.75
4.3542,36.0,6.3112033195020745,1.049792531120332,736.0,3.0539419087136928,37.59,-122.5,2.375
3.6691,35.0,6.175438596491228,1.087719298245614,184.0,3.2280701754385963,33.97,-117.51,1.375
7.5975,16.0,7.11614730878187,1.0084985835694051,795.0,2.2521246458923514,33.0,-117.24,3.691
6.0891,9.0,5.930348258706467,0.9825870646766169,1697.0,4.221393034825871,34.33,-118.48,2.701
7.9217,4.0,5.106060606060606,1.0,511.0,2.580808080808081,33.66,-117.83,2.962
1.4856,33.0,4.626168224299065,1.1401869158878504,1626.0,3.7990654205607477,32.7,-117.11,0.864
3.4792,33.0,6.744394618834081,1.4573991031390134,584.0,2.618834080717489,35.65,-118.87,0.946
11.6017,18.0,8.335051546391753,1.0824742268041236,533.0,2.747422680412371,37.84,-122.19,3.926
3.8158,14.0,6.306532663316583,1.1419597989949748,2105.0,2.6444723618090453,35.69,-120.9,2.487
2.5074,35.0,4.882154882154882,1.0942760942760943,717.0,2.414141414141414,40.42,-120.66,0.664
5.2759,14.0,6.5014381591562795,0.986097794822627,7600.0,3.6433365292425695,33.99,-117.52,1.829
7.6202,27.0,7.1220779220779225,0.987012987012987,2212.0,2.8727272727272726,37.86,-122.09,4.026
1.056,24.0,4.462068965517242,1.1126436781609195,1277.0,2.935632183908046,35.36,-119.01,0.516
1.4886,35.0,3.3049645390070923,1.0425531914893618,1153.0,4.088652482269503,33.99,-118.27,1.0
2.7234,44.0,5.810218978102189,1.0602189781021898,1399.0,2.552919708029197,38.01,-121.8,1.102
2.2031,22.0,3.8241469816272966,1.0078740157480315,2962.0,3.8871391076115485,37.35,-121.84,1.64
2.8295,52.0,4.94025974025974,1.0545454545454545,1233.0,3.2025974025974024,34.03,-118.31,1.322
4.2823,16.0,6.170398009950249,1.1218905472636815,2654.0,3.300995024875622,37.66,-120.96,1.383
5.6271,44.0,6.262780269058296,1.0143497757847533,2818.0,2.527354260089686,37.5,-122.26,3.748
10.5424,16.0,7.598615916955017,1.041522491349481,1490.0,2.577854671280277,33.73,-118.06,5.00001
3.5426,26.0,5.301321585903084,1.096035242290749,2673.0,2.3550660792951543,33.66,-117.88,2.954
3.3462,52.0,6.465116279069767,1.2151162790697674,544.0,3.1627906976744184,40.81,-124.23,0.508
2.5938,39.0,5.788079470198675,1.0894039735099337,831.0,2.751655629139073,37.66,-120.99,1.356
6.5847,23.0,8.442748091603054,1.0381679389312977,1124.0,2.8600508905852418,37.92,-122.03,3.588
4.0,49.0,6.866295264623956,1.0362116991643453,1018.0,2.8356545961002784,34.0,-118.34,2.968
3.0,31.0,5.2772277227722775,1.0495049504950495,794.0,2.6204620462046204,39.76,-121.65,0.967
4.8237,38.0,5.699386503067485,1.0076687116564418,1784.0,2.736196319018405,37.71,-122.08,2.209
2.1571,47.0,4.446428571428571,1.1091269841269842,1775.0,3.5218253968253967,34.03,-118.3,1.479
4.375,2.0,4.42023346303502,1.4202334630350195,535.0,2.0817120622568095,37.39,-121.89,4.25
4.0403,16.0,6.438813349814586,1.1334981458590854,2284.0,2.823238566131026,35.18,-120.57,3.461
5.8864,13.0,5.23943661971831,0.971830985915493,800.0,2.2535211267605635,33.96,-118.43,5.00001
15.0001,52.0,8.710144927536232,1.0289855072463767,408.0,2.9565217391304346,34.07,-118.41,5.00001
3.6417,27.0,4.262865090403338,1.023643949930459,1840.0,2.5591098748261474,33.88,-118.08,2.081
2.0114,38.0,4.412903225806452,1.135483870967742,344.0,2.2193548387096773,37.8,-122.28,1.313
4.3039,21.0,5.034412955465587,1.1599190283400809,1515.0,3.0668016194331984,33.78,-117.87,1.685
4.4583,18.0,4.918309859154929,1.0169014084507042,3032.0,2.846948356807512,33.81,-118.01,1.901
1.3801,39.0,3.617543859649123,1.0315789473684212,1933.0,3.3912280701754387,33.98,-118.27,0.97
3.4943,40.0,5.977777777777778,1.0722222222222222,406.0,2.2555555555555555,36.63,-121.92,3.111
4.0211,4.0,6.3704712612367205,1.1362026695723235,10493.0,2.8583492236447836,34.68,-118.09,1.44
1.625,29.0,6.65,1.05,136.0,3.4,33.94,-117.56,1.643
6.0426,19.0,4.839506172839506,1.345679012345679,287.0,3.54320987654321,37.97,-122.34,1.1
7.1267,15.0,6.9327217125382266,1.0642201834862386,1150.0,3.5168195718654434,37.29,-121.76,2.779
4.625,49.0,5.478927203065134,1.0574712643678161,1178.0,2.256704980842912,37.98,-122.57,3.55
4.4766,16.0,5.8039772727272725,1.1022727272727273,705.0,2.002840909090909,32.9,-117.11,1.615
4.0833,35.0,4.7898550724637685,0.9299516908212561,1577.0,3.8091787439613527,37.69,-122.46,2.667
1.4886,15.0,3.104761904761905,1.1714285714285715,490.0,4.666666666666667,34.06,-118.26,1.75
2.0221,25.0,4.728597449908925,1.0145719489981786,1536.0,2.797814207650273,40.45,-122.31,0.604
3.6451,32.0,3.748527679623086,1.050647820965842,2767.0,1.6295641931684335,34.03,-118.5,3.833
2.1602,14.0,4.917627677100494,1.0,2250.0,3.7067545304777596,36.34,-119.31,0.652
4.4934,34.0,6.225388601036269,1.0699481865284974,1385.0,3.588082901554404,33.86,-118.15,2.138
3.8594,10.0,5.47457627118644,1.0527306967984935,1681.0,3.1657250470809792,34.53,-117.96,1.41
2.9866,45.0,5.4412811387900355,1.1281138790035588,793.0,2.8220640569395017,38.89,-121.3,0.913
4.4875,32.0,5.160839160839161,1.1062937062937064,1804.0,2.523076923076923,34.26,-118.32,2.227
1.1806,24.0,4.3969696969696965,1.1727272727272726,1178.0,3.56969696969697,34.09,-117.29,0.683
6.4696,10.0,7.217391304347826,0.9710144927536232,1700.0,3.5196687370600412,32.97,-117.13,2.495
2.6051,45.0,3.9614512471655328,1.0975056689342404,1680.0,3.8095238095238093,34.09,-118.23,1.555
1.722,14.0,3.432791728212703,1.1137370753323486,1026.0,1.515509601181684,38.46,-122.73,1.5
5.6197,3.0,7.465875370919881,1.2729970326409497,781.0,2.3175074183976263,33.49,-117.64,2.716
3.2639,22.0,5.5046728971962615,0.9065420560747663,338.0,3.1588785046728973,40.57,-122.35,0.875
4.1339,34.0,5.320158102766799,0.9552042160737813,2716.0,3.578392621870883,34.07,-117.73,1.35
2.4482,11.0,4.150918635170604,1.041994750656168,2106.0,2.763779527559055,38.11,-121.27,1.03
4.4196,37.0,6.608465608465608,1.0687830687830688,517.0,2.7354497354497354,33.83,-118.11,2.231
4.5759,43.0,4.728476821192053,1.076158940397351,836.0,2.7682119205298013,34.23,-118.26,2.092
1.59,49.0,4.39186295503212,1.0706638115631693,1525.0,3.2655246252676657,37.63,-121.0,0.809
4.4934,34.0,6.225388601036269,1.0699481865284974,1385.0,3.588082901554404,33.86,-118.15,2.138
4.2188,16.0,5.11344537815126,0.9558823529411765,1017.0,2.1365546218487395,33.91,-117.87,1.763
5.0,24.0,4.492753623188406,0.9528985507246377,690.0,2.5,37.29,-121.96,2.83
3.8465,17.0,5.134993446920053,1.0642201834862386,4419.0,2.895806028833552,34.1,-117.84,1.807
7.2315,35.0,7.158607350096712,1.0212765957446808,1511.0,2.9226305609284333,37.88,-122.1,3.671
4.3859,24.0,5.117224880382775,1.1507177033492824,971.0,2.3229665071770333,33.86,-118.35,2.713
2.1389,16.0,4.31665228645384,1.0181190681622088,4145.0,3.576358930112166,33.89,-118.23,1.334
5.1681,52.0,6.913419913419913,1.0389610389610389,566.0,2.45021645021645,37.73,-122.48,5.00001
3.5865,35.0,5.372972972972973,1.0972972972972972,602.0,3.254054054054054,33.89,-118.1,1.78
3.5114,52.0,6.372759856630824,1.146953405017921,795.0,2.849462365591398,33.97,-118.32,1.388
1.6579,32.0,5.4491525423728815,1.1483050847457628,694.0,2.940677966101695,40.45,-122.3,0.685
4.5769,35.0,5.891447368421052,1.0592105263157894,988.0,3.25,37.73,-122.42,2.545
6.5901,17.0,6.729400749063671,1.0046816479400749,3844.0,3.599250936329588,33.88,-118.06,3.374
2.1979,41.0,3.975378787878788,1.003787878787879,2325.0,4.403409090909091,34.03,-118.17,1.408
3.2929,27.0,5.068711656441717,1.0871165644171779,2002.0,2.456441717791411,36.71,-121.66,1.575
6.837,20.0,6.503225806451613,1.0096774193548388,767.0,2.4741935483870967,37.35,-122.04,3.83
5.1292,24.0,5.815789473684211,1.0789473684210527,75.0,1.9736842105263157,37.9,-122.56,3.625
3.275,34.0,5.45945945945946,1.054054054054054,1293.0,2.9121621621621623,33.93,-118.01,1.899
2.6944,36.0,5.333333333333333,1.0526315789473684,647.0,2.837719298245614,40.54,-122.38,0.753
3.5129,34.0,5.234072022160665,1.0609418282548477,2356.0,3.263157894736842,38.01,-121.9,1.106
3.7738,18.0,7.545253863134658,1.5143487858719646,970.0,2.141280353200883,35.42,-120.94,2.794
3.5562,43.0,5.033846153846154,0.9969230769230769,792.0,2.436923076923077,36.98,-122.0,2.392
3.2122,29.0,4.133819951338199,0.9708029197080292,1052.0,2.559610705596107,34.07,-117.92,1.955
4.8519,46.0,5.470982142857143,1.0535714285714286,1163.0,2.595982142857143,37.32,-121.94,2.258
3.1607,42.0,4.341991341991342,1.0216450216450217,769.0,3.329004329004329,34.08,-118.09,2.183
3.8065,5.0,5.436657681940701,1.0390835579514826,1967.0,2.650943396226415,37.69,-121.03,1.46
5.0594,41.0,5.851985559566787,1.0072202166064983,756.0,2.729241877256318,33.92,-118.42,3.46
5.8195,25.0,6.585513078470825,0.9617706237424547,1645.0,3.3098591549295775,33.71,-117.97,2.861
1.0667,31.0,12.808510638297872,3.25531914893617,112.0,2.382978723404255,41.5,-121.76,0.342
2.3304,26.0,1.8247191011235955,1.1393258426966293,628.0,1.4112359550561797,37.78,-122.42,5.00001
3.851,52.0,5.2690909090909095,1.0127272727272727,1338.0,2.4327272727272726,37.74,-122.15,1.835
4.25,4.0,5.593189964157706,1.1272401433691757,2211.0,1.9811827956989247,33.0,-117.07,2.816
6.2064,29.0,5.780238500851789,0.9778534923339012,1471.0,2.5059625212947187,34.17,-118.58,3.349
2.5991,28.0,3.489130434782609,1.0891304347826087,936.0,2.034782608695652,32.76,-117.12,1.475
2.7404,15.0,5.952830188679245,1.0636792452830188,1207.0,2.8466981132075473,36.79,-119.69,0.763
8.8178,27.0,7.472035794183445,1.0089485458612975,1220.0,2.7293064876957494,37.27,-122.01,5.00001
2.3917,30.0,4.763713080168777,1.0590717299578059,1034.0,4.362869198312236,34.09,-117.32,0.786
2.125,18.0,4.5,1.0185185185185186,115.0,2.1296296296296298,39.23,-123.18,1.75
4.1379,3.0,4.458029197080292,1.1624087591240877,1033.0,1.885036496350365,33.56,-117.7,1.833
